Index,round_number,text_id,prolific_id,emotion,confidence,participant_age,participant_gender,participant_education,participant_ethnicity,participant_current_emotion,suddenness,familiarity,predict_event,pleasantness,unpleasantness,goal_relevance,chance_responsblt,self_responsblt,other_responsblt,predict_conseq,goal_support,urgency,self_control,other_control,chance_control,accept_conseq,standards,social_norms,attention,not_consider,effort,extravert,critical,dependable,anxious,open,quiet,sympathetic,disorganized,calm,conventional,feedback
0,0,6808,5cd9712d725bb3000128f2bd,Sadness,5,28,Woman,Undegraduate degree (BA/BSc/other),Middle Eastern,Boredom,4,3,4,1,5,4,1,1,4,4,1,3,2,4,3,4,2,1,4,3,4,7,1,6,1,6,1,6,1,6,1,
1,0,7160,5cd9712d725bb3000128f2bd,Sadness,5,28,Woman,Undegraduate degree (BA/BSc/other),Middle Eastern,Boredom,4,4,3,1,5,4,1,3,2,2,1,2,2,2,3,2,2,1,4,3,4,7,1,6,1,6,1,6,1,6,1,
2,0,51023,5cd9712d725bb3000128f2bd,Shame,5,28,Woman,Undegraduate degree (BA/BSc/other),Middle Eastern,Boredom,1,5,4,1,5,3,1,5,1,2,1,4,4,4,2,3,4,4,3,2,4,7,1,6,1,6,1,6,1,6,1,
3,0,31154,5cd9712d725bb3000128f2bd,Shame,5,28,Woman,Undegraduate degree (BA/BSc/other),Middle Eastern,Boredom,2,4,4,1,5,3,1,5,5,3,1,5,2,4,2,2,4,4,2,3,4,7,1,6,1,6,1,6,1,6,1,
4,0,51694,5cd9712d725bb3000128f2bd,Pride,5,28,Woman,Undegraduate degree (BA/BSc/other),Middle Eastern,Boredom,4,3,3,5,1,4,1,5,2,3,4,4,4,3,3,4,1,1,5,4,5,7,1,6,1,6,1,6,1,6,1,
5,0,5577,5cc5e72ce3c44e0015fdf990,Guilt,2,31,Gender Variant / Non-Conforming / Non-binary,Undegraduate degree (BA/BSc/other),North American,Boredom,3,2,2,1,5,3,2,3,4,2,3,4,1,5,3,3,2,4,4,4,3,1,2,6,3,6,7,2,1,6,1,
6,0,51241,5cc5e72ce3c44e0015fdf990,Joy,4,31,Gender Variant / Non-Conforming / Non-binary,Undegraduate degree (BA/BSc/other),North American,Boredom,5,1,5,5,1,2,1,3,4,5,5,2,2,1,2,1,1,1,4,1,1,1,2,6,3,6,7,2,1,6,1,
7,0,51595,5cc5e72ce3c44e0015fdf990,Sadness,4,31,Gender Variant / Non-Conforming / Non-binary,Undegraduate degree (BA/BSc/other),North American,Boredom,2,4,3,2,4,1,4,5,2,2,1,3,2,5,2,3,2,1,4,3,4,1,2,6,3,6,7,2,1,6,1,
8,0,21,5cc5e72ce3c44e0015fdf990,Surprise,5,31,Gender Variant / Non-Conforming / Non-binary,Undegraduate degree (BA/BSc/other),North American,Boredom,1,5,2,2,4,1,1,1,5,1,3,4,1,5,4,3,1,2,4,2,4,1,2,6,3,6,7,2,1,6,1,
9,0,74,5cc5e72ce3c44e0015fdf990,Anger,3,31,Gender Variant / Non-Conforming / Non-binary,Undegraduate degree (BA/BSc/other),North American,Boredom,3,2,2,1,5,2,4,1,3,2,1,3,1,5,5,4,1,1,4,5,2,1,2,6,3,6,7,2,1,6,1,
10,0,6423,67457c3dad6ff0234d42fdef,Guilt,4,34,Man,Undegraduate degree (BA/BSc/other),European,Anger,4,2,3,2,3,4,2,4,4,3,3,1,3,4,3,4,5,3,2,5,2,3,4,5,6,6,6,5,3,4,2,Please increase compensation. The study was so long
11,0,5691,67457c3dad6ff0234d42fdef,Anger,2,34,Man,Undegraduate degree (BA/BSc/other),European,Anger,1,4,2,1,5,4,3,2,5,2,1,2,2,4,2,3,3,4,2,5,4,3,4,5,6,6,6,5,3,4,2,Please increase compensation. The study was so long
12,0,41251,67457c3dad6ff0234d42fdef,Relief,3,34,Man,Undegraduate degree (BA/BSc/other),European,Anger,1,1,1,3,3,5,3,4,2,4,5,1,4,3,4,4,1,1,3,1,3,3,4,5,6,6,6,5,3,4,2,Please increase compensation. The study was so long
13,0,41225,67457c3dad6ff0234d42fdef,Relief,1,34,Man,Undegraduate degree (BA/BSc/other),European,Anger,2,5,3,1,5,4,4,2,5,4,1,4,3,4,3,3,2,2,4,4,4,3,4,5,6,6,6,5,3,4,2,Please increase compensation. The study was so long
14,0,5951,67457c3dad6ff0234d42fdef,Shame,2,34,Man,Undegraduate degree (BA/BSc/other),European,Anger,4,1,3,1,4,1,4,2,2,3,4,4,2,2,5,5,4,2,1,5,4,3,4,5,6,6,6,5,3,4,2,Please increase compensation. The study was so long
15,0,47,67458f0410fe12027fa4854d,Shame,4,48,Woman,Graduate degree (MA/MSc/MPhil/other),East Asian,Joy,3,4,3,2,3,3,3,3,2,2,3,3,2,3,2,2,2,3,3,2,2,3,2,5,1,4,4,4,1,5,4,No comments.
16,0,41260,67458f0410fe12027fa4854d,Joy,5,48,Woman,Graduate degree (MA/MSc/MPhil/other),East Asian,Joy,3,3,3,3,1,3,3,3,2,4,2,3,2,3,3,3,3,3,2,3,2,3,2,5,1,4,4,4,1,5,4,No comments.
17,0,52015,67458f0410fe12027fa4854d,Relief,5,48,Woman,Graduate degree (MA/MSc/MPhil/other),East Asian,Joy,3,3,2,2,3,3,2,2,3,3,2,2,3,3,2,3,2,3,3,3,3,3,2,5,1,4,4,4,1,5,4,No comments.
18,0,6337,67458f0410fe12027fa4854d,Guilt,3,48,Woman,Graduate degree (MA/MSc/MPhil/other),East Asian,Joy,2,2,2,3,2,2,3,3,3,3,2,2,3,2,3,3,3,2,3,3,3,3,2,5,1,4,4,4,1,5,4,No comments.
19,0,51023,67458f0410fe12027fa4854d,Sadness,4,48,Woman,Graduate degree (MA/MSc/MPhil/other),East Asian,Joy,2,3,2,3,2,3,3,2,3,2,2,3,2,3,2,3,2,3,2,2,3,3,2,5,1,4,4,4,1,5,4,No comments.
20,0,689,67b5c6b2492bf437a12ecb4b,Shame,4,31,Man,High School,North American,Fear,3,3,4,2,5,4,4,1,1,3,2,4,5,4,5,3,4,3,5,4,4,3,4,6,6,7,7,6,1,4,1,Great little study :)
21,0,3514,67b5c6b2492bf437a12ecb4b,Guilt,5,31,Man,High School,North American,Fear,5,4,3,3,3,5,5,5,5,5,1,5,2,2,1,1,5,5,5,5,1,3,4,6,6,7,7,6,1,4,1,Great little study :)
22,0,4842,67b5c6b2492bf437a12ecb4b,Joy,5,31,Man,High School,North American,Fear,4,1,2,5,1,4,4,3,3,4,5,1,4,5,3,3,3,1,4,2,5,3,4,6,6,7,7,6,1,4,1,Great little study :)
23,0,41857,67b5c6b2492bf437a12ecb4b,Trust,5,31,Man,High School,North American,Fear,4,3,3,4,1,3,4,5,5,3,5,3,5,5,3,5,5,4,3,3,5,3,4,6,6,7,7,6,1,4,1,Great little study :)
24,0,6204,67b5c6b2492bf437a12ecb4b,Sadness,5,31,Man,High School,North American,Fear,4,5,2,1,5,3,5,3,3,3,1,5,4,5,5,3,3,1,5,5,1,3,4,6,6,7,7,6,1,4,1,Great little study :)
25,0,510,678d740cc2e4b4cd6e5a48a8,Boredom,1,34,Woman,Graduate degree (MA/MSc/MPhil/other),African,Joy,5,5,4,5,4,3,4,4,4,4,4,4,3,4,4,4,4,3,4,4,4,7,6,6,1,6,2,6,1,6,1,
26,0,52458,678d740cc2e4b4cd6e5a48a8,Anger,1,34,Woman,Graduate degree (MA/MSc/MPhil/other),African,Joy,4,4,4,3,3,4,4,2,4,5,4,4,4,5,4,5,5,5,4,5,5,7,6,6,1,6,2,6,1,6,1,
27,0,51241,678d740cc2e4b4cd6e5a48a8,Disgust,4,34,Woman,Graduate degree (MA/MSc/MPhil/other),African,Joy,5,4,4,4,4,4,4,5,4,5,4,5,4,4,4,5,5,4,4,5,4,7,6,6,1,6,2,6,1,6,1,
28,0,525,678d740cc2e4b4cd6e5a48a8,Fear,4,34,Woman,Graduate degree (MA/MSc/MPhil/other),African,Joy,4,4,3,4,5,5,5,4,5,3,4,4,4,5,3,4,4,4,5,5,4,7,6,6,1,6,2,6,1,6,1,
29,0,51577,678d740cc2e4b4cd6e5a48a8,Pride,2,34,Woman,Graduate degree (MA/MSc/MPhil/other),African,Joy,4,5,5,4,4,4,5,4,5,5,4,5,5,4,5,4,4,5,4,5,5,7,6,6,1,6,2,6,1,6,1,
30,0,548,66c9f7305f8a64d04cb5344c,Sadness,4,20,Woman,High School,European,Relief,2,4,2,1,5,2,3,1,5,2,1,3,3,2,2,2,4,3,3,4,4,4,5,3,6,3,6,5,5,4,1,
31,0,51922,66c9f7305f8a64d04cb5344c,Relief,4,20,Woman,High School,European,Relief,3,2,3,5,1,4,2,5,3,3,4,4,4,3,4,3,1,1,4,1,3,4,5,3,6,3,6,5,5,4,1,
32,0,6154,66c9f7305f8a64d04cb5344c,Boredom,5,20,Woman,High School,European,Relief,2,4,2,1,4,2,4,1,4,3,2,1,1,4,4,4,4,2,4,4,5,4,5,3,6,3,6,5,5,4,1,
33,0,614,66c9f7305f8a64d04cb5344c,Shame,4,20,Woman,High School,European,Relief,4,2,4,2,4,3,2,1,4,2,2,2,2,4,4,3,4,4,3,4,3,4,5,3,6,3,6,5,5,4,1,
34,0,3320,66c9f7305f8a64d04cb5344c,Surprise,3,20,Woman,High School,European,Relief,3,2,3,2,3,2,2,4,4,4,4,5,4,3,2,3,3,1,3,3,4,4,5,3,6,3,6,5,5,4,1,
35,0,349,672a844656ca03498e04cd76,Disgust,1,35,Man,Graduate degree (MA/MSc/MPhil/other),African,Relief,1,3,5,1,5,1,3,1,5,1,3,1,2,4,4,1,3,1,5,4,5,7,1,6,1,7,7,6,2,6,1,Enjoyable study well constructed. Hope to have made a valuable impact and hope to be invited in another study.
36,0,2195,672a844656ca03498e04cd76,Pride,1,35,Man,Graduate degree (MA/MSc/MPhil/other),African,Relief,1,5,1,5,1,1,4,5,1,3,5,3,5,3,5,3,1,1,5,1,1,7,1,6,1,7,7,6,2,6,1,Enjoyable study well constructed. Hope to have made a valuable impact and hope to be invited in another study.
37,0,6162,672a844656ca03498e04cd76,Pride,1,35,Man,Graduate degree (MA/MSc/MPhil/other),African,Relief,5,1,5,5,1,1,3,3,5,1,1,5,4,5,5,1,1,3,5,1,5,7,1,6,1,7,7,6,2,6,1,Enjoyable study well constructed. Hope to have made a valuable impact and hope to be invited in another study.
38,0,2218,672a844656ca03498e04cd76,Relief,1,35,Man,Graduate degree (MA/MSc/MPhil/other),African,Relief,1,3,1,3,3,5,4,3,3,4,5,5,5,3,1,5,1,1,5,1,5,7,1,6,1,7,7,6,2,6,1,Enjoyable study well constructed. Hope to have made a valuable impact and hope to be invited in another study.
39,0,5105,672a844656ca03498e04cd76,Shame,3,35,Man,Graduate degree (MA/MSc/MPhil/other),African,Relief,5,1,5,1,5,3,1,1,5,1,1,1,1,5,3,1,1,1,3,1,3,7,1,6,1,7,7,6,2,6,1,Enjoyable study well constructed. Hope to have made a valuable impact and hope to be invited in another study.
40,0,5642,675166e33d02fe8733f00ef2,Sadness,5,41,Woman,Graduate degree (MA/MSc/MPhil/other),African,Trust,3,3,3,3,3,2,2,2,3,3,3,3,3,3,3,3,2,3,3,1,3,5,5,5,4,4,3,3,3,3,4,none.
41,0,4327,675166e33d02fe8733f00ef2,Anger,5,41,Woman,Graduate degree (MA/MSc/MPhil/other),African,Trust,2,2,4,4,2,3,2,3,3,3,2,3,2,3,3,3,3,2,3,4,3,5,5,5,4,4,3,3,3,3,4,none.
42,0,6954,675166e33d02fe8733f00ef2,Joy,4,41,Woman,Graduate degree (MA/MSc/MPhil/other),African,Trust,3,4,3,2,2,3,3,2,4,3,2,3,3,4,4,3,3,3,4,2,3,5,5,5,4,4,3,3,3,3,4,none.
43,0,5556,675166e33d02fe8733f00ef2,Disgust,4,41,Woman,Graduate degree (MA/MSc/MPhil/other),African,Trust,2,2,3,3,3,1,3,1,2,2,3,3,2,2,3,2,2,3,3,2,3,5,5,5,4,4,3,3,3,3,4,none.
44,0,7143,675166e33d02fe8733f00ef2,Sadness,4,41,Woman,Graduate degree (MA/MSc/MPhil/other),African,Trust,2,3,3,2,3,3,3,2,3,3,2,2,2,3,3,2,2,3,3,3,3,5,5,5,4,4,3,3,3,3,4,none.
45,0,6235,65feaaac53eb219f09ad5ea0,Anger,2,24,Man,Graduate degree (MA/MSc/MPhil/other),African,Relief,1,5,1,1,5,2,2,5,1,3,2,4,4,1,4,2,3,1,4,5,3,7,2,7,1,7,4,6,1,7,2,Everything was okay.
46,0,2212,65feaaac53eb219f09ad5ea0,Joy,1,24,Man,Graduate degree (MA/MSc/MPhil/other),African,Relief,5,1,4,5,1,4,3,5,2,5,5,1,5,2,1,2,4,1,4,1,1,7,2,7,1,7,4,6,1,7,2,Everything was okay.
47,0,52593,65feaaac53eb219f09ad5ea0,Fear,1,24,Man,Graduate degree (MA/MSc/MPhil/other),African,Relief,5,1,5,2,4,5,5,5,1,5,4,4,5,3,1,2,4,1,5,4,4,7,2,7,1,7,4,6,1,7,2,Everything was okay.
48,0,5700,65feaaac53eb219f09ad5ea0,Anger,1,24,Man,Graduate degree (MA/MSc/MPhil/other),African,Relief,5,5,4,1,5,2,1,1,5,3,2,5,4,5,1,2,4,5,5,5,2,7,2,7,1,7,4,6,1,7,2,Everything was okay.
49,0,51922,65feaaac53eb219f09ad5ea0,Joy,1,24,Man,Graduate degree (MA/MSc/MPhil/other),African,Relief,1,4,5,5,1,5,5,1,2,4,5,4,1,5,5,4,4,1,5,1,1,7,2,7,1,7,4,6,1,7,2,Everything was okay.
50,0,41641,6266aa7132e3a5bf1631ac1b,Surprise,5,54,Woman,Undegraduate degree (BA/BSc/other),European,Trust,5,3,3,5,3,3,1,3,5,5,5,5,3,3,5,3,1,1,3,1,1,6,1,7,1,4,4,7,1,5,1,Ethnic group did not have white/Caucasian listed so i put other.  I think European is similar to white/Caucasian response but just wanted to clarify.
51,0,52784,6266aa7132e3a5bf1631ac1b,Fear,3,54,Woman,Undegraduate degree (BA/BSc/other),European,Trust,3,3,1,1,5,1,3,1,5,3,3,3,2,1,3,3,4,3,5,5,3,6,1,7,1,4,4,7,1,5,1,Ethnic group did not have white/Caucasian listed so i put other.  I think European is similar to white/Caucasian response but just wanted to clarify.
52,0,5639,6266aa7132e3a5bf1631ac1b,Anger,5,54,Woman,Undegraduate degree (BA/BSc/other),European,Trust,5,5,3,1,5,3,5,1,5,1,1,5,3,5,5,1,5,3,5,1,4,6,1,7,1,4,4,7,1,5,1,Ethnic group did not have white/Caucasian listed so i put other.  I think European is similar to white/Caucasian response but just wanted to clarify.
53,0,4117,6266aa7132e3a5bf1631ac1b,Sadness,5,54,Woman,Undegraduate degree (BA/BSc/other),European,Trust,3,3,1,1,5,5,3,5,1,5,1,3,1,5,3,3,4,1,3,5,4,6,1,7,1,4,4,7,1,5,1,Ethnic group did not have white/Caucasian listed so i put other.  I think European is similar to white/Caucasian response but just wanted to clarify.
54,0,52502,6266aa7132e3a5bf1631ac1b,Joy,5,54,Woman,Undegraduate degree (BA/BSc/other),European,Trust,4,3,5,5,1,5,5,5,3,5,5,5,3,3,5,5,1,1,5,1,3,6,1,7,1,4,4,7,1,5,1,Ethnic group did not have white/Caucasian listed so i put other.  I think European is similar to white/Caucasian response but just wanted to clarify.
55,0,47,67ce33f5cf74f7db66da5368,Anger,3,43,Man,Graduate degree (MA/MSc/MPhil/other),Prefer not to answer,Relief,1,5,3,1,5,1,5,1,5,5,3,5,1,5,5,1,3,5,5,5,5,7,3,7,5,7,7,7,1,7,1,The survey was perfect.
56,0,6224,67ce33f5cf74f7db66da5368,Anger,1,43,Man,Graduate degree (MA/MSc/MPhil/other),Prefer not to answer,Relief,2,4,3,1,5,3,1,1,5,3,4,5,1,5,1,5,5,5,5,5,5,7,3,7,5,7,7,7,1,7,1,The survey was perfect.
57,0,90,67ce33f5cf74f7db66da5368,Trust,5,43,Man,Graduate degree (MA/MSc/MPhil/other),Prefer not to answer,Relief,1,5,3,1,5,1,5,1,5,3,5,3,1,5,1,1,3,1,5,3,2,7,3,7,5,7,7,7,1,7,1,The survey was perfect.
58,0,52338,67ce33f5cf74f7db66da5368,Shame,5,43,Man,Graduate degree (MA/MSc/MPhil/other),Prefer not to answer,Relief,3,5,3,1,5,4,1,5,1,5,1,3,5,1,1,5,5,5,5,2,1,7,3,7,5,7,7,7,1,7,1,The survey was perfect.
59,0,61094,67ce33f5cf74f7db66da5368,Trust,4,43,Man,Graduate degree (MA/MSc/MPhil/other),Prefer not to answer,Relief,1,1,5,3,3,5,3,5,5,1,5,1,5,5,1,5,1,1,3,1,1,7,3,7,5,7,7,7,1,7,1,The survey was perfect.
60,0,90,678c41cb023e304c03871747,Anger,4,32,Woman,Graduate degree (MA/MSc/MPhil/other),African,Joy,2,3,1,3,4,2,3,3,3,3,3,3,1,5,4,2,4,3,5,5,3,6,2,6,2,6,5,6,1,6,2,
61,0,52116,678c41cb023e304c03871747,Sadness,4,32,Woman,Graduate degree (MA/MSc/MPhil/other),African,Joy,5,2,5,1,5,4,2,4,4,5,4,4,3,5,2,3,3,4,4,5,4,6,2,6,2,6,5,6,1,6,2,
62,0,51287,678c41cb023e304c03871747,Pride,5,32,Woman,Graduate degree (MA/MSc/MPhil/other),African,Joy,4,1,4,2,4,5,4,3,3,4,3,3,3,4,3,3,2,3,4,1,4,6,2,6,2,6,5,6,1,6,2,
63,0,41600,678c41cb023e304c03871747,Guilt,4,32,Woman,Graduate degree (MA/MSc/MPhil/other),African,Joy,3,5,4,3,3,3,4,3,2,4,4,4,3,4,4,2,4,4,2,4,4,6,2,6,2,6,5,6,1,6,2,
64,0,52859,678c41cb023e304c03871747,Surprise,4,32,Woman,Graduate degree (MA/MSc/MPhil/other),African,Joy,2,4,4,2,4,4,4,2,2,4,3,4,4,2,4,4,2,2,4,5,4,6,2,6,2,6,5,6,1,6,2,
65,0,3546,60fcb280d58f26d33cb004a6,Joy,1,19,Man,Secondary Eductation,Other,Boredom,4,3,3,5,1,4,1,5,5,3,4,1,1,3,1,4,1,1,5,1,1,2,3,4,4,4,5,7,4,6,4,
66,0,764,60fcb280d58f26d33cb004a6,Joy,4,19,Man,Secondary Eductation,Other,Boredom,5,1,5,3,3,5,1,4,2,4,4,1,5,5,1,2,1,1,5,1,5,2,3,4,4,4,5,7,4,6,4,
67,0,3117,60fcb280d58f26d33cb004a6,Sadness,1,19,Man,Secondary Eductation,Other,Boredom,1,5,2,1,5,5,1,2,5,1,1,3,1,5,1,2,5,5,5,5,4,2,3,4,4,4,5,7,4,6,4,
68,0,7143,60fcb280d58f26d33cb004a6,Shame,4,19,Man,Secondary Eductation,Other,Boredom,3,1,2,1,5,3,5,1,1,3,4,5,3,1,5,3,2,1,5,2,5,2,3,4,4,4,5,7,4,6,4,
69,0,3519,60fcb280d58f26d33cb004a6,Guilt,1,19,Man,Secondary Eductation,Other,Boredom,1,5,2,1,4,5,5,5,5,2,2,5,5,5,1,4,3,2,4,3,2,2,3,4,4,4,5,7,4,6,4,
70,0,52866,663b88bfc26125e23f752e31,Pride,1,60,Woman,Undegraduate degree (BA/BSc/other),European,Relief,3,4,5,4,4,3,2,2,5,5,5,4,2,5,2,5,2,1,4,2,3,7,1,7,2,5,1,7,1,6,6,
71,0,4692,663b88bfc26125e23f752e31,Guilt,1,60,Woman,Undegraduate degree (BA/BSc/other),European,Relief,3,1,3,2,4,5,4,5,2,4,3,2,5,3,1,5,3,2,5,3,4,7,1,7,2,5,1,7,1,6,6,
72,0,825,663b88bfc26125e23f752e31,Sadness,4,60,Woman,Undegraduate degree (BA/BSc/other),European,Relief,3,3,3,3,3,4,3,4,3,4,3,3,4,3,3,3,3,3,3,3,3,7,1,7,2,5,1,7,1,6,6,
73,0,6954,663b88bfc26125e23f752e31,Shame,3,60,Woman,Undegraduate degree (BA/BSc/other),European,Relief,3,3,3,3,2,4,3,4,3,4,3,3,3,3,2,3,3,5,5,3,3,7,1,7,2,5,1,7,1,6,6,
74,0,559,663b88bfc26125e23f752e31,Anger,1,60,Woman,Undegraduate degree (BA/BSc/other),European,Relief,3,5,3,1,5,5,4,3,2,4,1,5,2,4,2,3,4,1,5,3,5,7,1,7,2,5,1,7,1,6,6,
75,0,3302,651ac88823e71c05dbc1ff63,Relief,2,56,Man,High School,European,I currently do not feel any emotion,1,5,1,3,2,5,4,1,3,1,2,2,1,4,5,3,1,1,3,1,3,4,3,7,1,4,3,5,1,7,5,nothing to add
76,0,4583,651ac88823e71c05dbc1ff63,Anger,5,56,Man,High School,European,I currently do not feel any emotion,1,4,1,1,4,1,4,1,5,2,1,1,1,5,1,1,5,5,4,1,3,4,3,7,1,4,3,5,1,7,5,nothing to add
77,0,6968,651ac88823e71c05dbc1ff63,Fear,5,56,Man,High School,European,I currently do not feel any emotion,1,5,1,1,5,5,1,1,5,1,1,5,1,5,1,3,1,1,5,1,5,4,3,7,1,4,3,5,1,7,5,nothing to add
78,0,6729,651ac88823e71c05dbc1ff63,Pride,4,56,Man,High School,European,I currently do not feel any emotion,1,1,2,5,1,4,1,2,4,3,5,1,3,5,1,1,1,1,3,1,1,4,3,7,1,4,3,5,1,7,5,nothing to add
79,0,51801,651ac88823e71c05dbc1ff63,Joy,5,56,Man,High School,European,I currently do not feel any emotion,4,3,1,5,1,4,1,5,1,1,5,1,5,1,1,5,1,1,1,1,1,4,3,7,1,4,3,5,1,7,5,nothing to add
80,0,5936,6738c218706186b3fe8e8f56,Guilt,4,31,Woman,Undegraduate degree (BA/BSc/other),African,Relief,5,3,1,1,5,4,2,4,1,2,5,4,2,4,4,2,5,3,4,5,5,4,2,6,5,5,7,6,1,6,2,None
81,0,52859,6738c218706186b3fe8e8f56,Guilt,5,31,Woman,Undegraduate degree (BA/BSc/other),African,Relief,2,4,1,3,5,4,2,5,1,4,4,2,4,5,1,1,1,1,5,5,4,4,2,6,5,5,7,6,1,6,2,None
82,0,52739,6738c218706186b3fe8e8f56,Pride,5,31,Woman,Undegraduate degree (BA/BSc/other),African,Relief,5,1,4,4,1,5,1,5,1,5,5,5,4,1,1,4,4,1,4,1,5,4,2,6,5,5,7,6,1,6,2,None
83,0,51882,6738c218706186b3fe8e8f56,Anger,2,31,Woman,Undegraduate degree (BA/BSc/other),African,Relief,1,3,1,1,5,1,2,1,5,1,3,2,1,4,5,2,1,3,4,3,3,4,2,6,5,5,7,6,1,6,2,None
84,0,521,6738c218706186b3fe8e8f56,Anger,4,31,Woman,Undegraduate degree (BA/BSc/other),African,Relief,5,4,4,1,5,4,4,1,5,4,5,3,3,5,1,3,1,1,5,4,5,4,2,6,5,5,7,6,1,6,2,None
85,0,349,675344106136ec83b4e58754,Sadness,4,30,Woman,Graduate degree (MA/MSc/MPhil/other),Other,Trust,4,3,4,3,4,5,4,4,4,5,4,3,3,4,4,3,3,4,4,4,3,2,2,7,3,6,4,5,1,1,2,
86,0,2144,675344106136ec83b4e58754,Joy,4,30,Woman,Graduate degree (MA/MSc/MPhil/other),Other,Trust,4,4,4,3,4,3,4,4,3,3,4,4,3,4,4,4,3,4,4,4,4,2,2,7,3,6,4,5,1,1,2,
87,0,41621,675344106136ec83b4e58754,Surprise,4,30,Woman,Graduate degree (MA/MSc/MPhil/other),Other,Trust,4,4,4,3,3,3,4,5,4,4,5,4,4,3,4,4,4,3,4,3,4,2,2,7,3,6,4,5,1,1,2,
88,0,51227,675344106136ec83b4e58754,Joy,4,30,Woman,Graduate degree (MA/MSc/MPhil/other),Other,Trust,3,4,4,4,4,4,4,5,4,4,4,3,4,4,3,4,4,4,5,4,4,2,2,7,3,6,4,5,1,1,2,
89,0,31145,675344106136ec83b4e58754,Disgust,4,30,Woman,Graduate degree (MA/MSc/MPhil/other),Other,Trust,4,4,4,3,3,3,4,4,4,3,4,4,3,4,4,4,3,4,4,4,4,2,2,7,3,6,4,5,1,1,2,
90,0,41641,67cdae5f7e2313dd1b570632,Joy,4,26,Woman,Graduate degree (MA/MSc/MPhil/other),European,Boredom,2,4,2,5,2,2,2,2,5,2,3,3,4,2,2,4,2,2,3,3,3,3,2,6,5,6,6,5,1,6,1,It was an engaging exercise.
91,0,4170,67cdae5f7e2313dd1b570632,Boredom,4,26,Woman,Graduate degree (MA/MSc/MPhil/other),European,Boredom,4,2,4,2,3,2,2,4,2,5,2,3,4,1,1,5,1,1,3,3,2,3,2,6,5,6,6,5,1,6,1,It was an engaging exercise.
92,0,6422,67cdae5f7e2313dd1b570632,Guilt,4,26,Woman,Graduate degree (MA/MSc/MPhil/other),European,Boredom,1,5,2,1,5,5,1,4,1,2,1,5,2,1,2,4,3,2,5,4,5,3,2,6,5,6,6,5,1,6,1,It was an engaging exercise.
93,0,52289,67cdae5f7e2313dd1b570632,Sadness,5,26,Woman,Graduate degree (MA/MSc/MPhil/other),European,Boredom,2,4,3,1,5,5,2,3,4,3,1,4,2,5,3,4,3,1,5,4,5,3,2,6,5,6,6,5,1,6,1,It was an engaging exercise.
94,0,51624,67cdae5f7e2313dd1b570632,Relief,4,26,Woman,Graduate degree (MA/MSc/MPhil/other),European,Boredom,5,2,5,5,2,4,2,5,2,5,5,3,5,2,2,5,2,2,4,2,3,3,2,6,5,6,6,5,1,6,1,It was an engaging exercise.
95,0,3639,66f87d84fcfe786a13ff1edb,Joy,2,68,Woman,High School,European,Relief,2,2,4,4,2,4,2,4,2,4,4,2,4,2,2,4,2,2,4,2,3,6,4,6,2,6,2,6,2,6,3,"It was very cleverly written and made me think a lot, nothing was obvious."
96,0,5639,66f87d84fcfe786a13ff1edb,Fear,4,68,Woman,High School,European,Relief,2,4,2,1,5,4,4,1,5,3,2,4,2,5,3,2,5,5,5,4,4,6,4,6,2,6,2,6,2,6,3,"It was very cleverly written and made me think a lot, nothing was obvious."
97,0,6135,66f87d84fcfe786a13ff1edb,Joy,5,68,Woman,High School,European,Relief,3,4,4,5,1,3,4,1,5,3,4,5,3,5,1,4,2,1,4,2,2,6,4,6,2,6,2,6,2,6,3,"It was very cleverly written and made me think a lot, nothing was obvious."
98,0,5454,66f87d84fcfe786a13ff1edb,Surprise,3,68,Woman,High School,European,Relief,2,4,2,3,3,3,4,2,4,2,3,3,3,4,4,3,3,3,4,3,3,6,4,6,2,6,2,6,2,6,3,"It was very cleverly written and made me think a lot, nothing was obvious."
99,0,52866,66f87d84fcfe786a13ff1edb,Relief,4,68,Woman,High School,European,Relief,3,4,4,2,4,4,2,3,4,4,2,3,2,4,2,4,4,1,4,4,2,6,4,6,2,6,2,6,2,6,3,"It was very cleverly written and made me think a lot, nothing was obvious."
100,0,51592,666a1e606b80f9865c1f3d5f,Pride,4,52,Man,Undegraduate degree (BA/BSc/other),European,Sadness,1,4,1,5,1,1,1,3,4,1,5,1,1,5,1,1,1,1,1,1,1,1,3,4,1,4,6,4,2,4,2,
101,0,764,666a1e606b80f9865c1f3d5f,Fear,4,52,Man,Undegraduate degree (BA/BSc/other),European,Sadness,3,1,2,2,4,5,1,2,4,3,2,4,4,2,1,2,1,1,5,2,4,1,3,4,1,4,6,4,2,4,2,
102,0,5920,666a1e606b80f9865c1f3d5f,Anger,4,52,Man,Undegraduate degree (BA/BSc/other),European,Sadness,1,5,1,1,5,2,2,1,5,1,1,5,4,4,1,1,3,4,4,3,4,1,3,4,1,4,6,4,2,4,2,
103,0,4475,666a1e606b80f9865c1f3d5f,Disgust,4,52,Man,Undegraduate degree (BA/BSc/other),European,Sadness,1,2,1,1,4,4,1,5,5,3,1,3,4,3,1,3,4,2,4,2,5,1,3,4,1,4,6,4,2,4,2,
104,0,41548,666a1e606b80f9865c1f3d5f,Shame,5,52,Man,Undegraduate degree (BA/BSc/other),European,Sadness,2,2,4,1,5,4,1,5,2,2,1,3,2,4,1,1,1,3,3,3,4,1,3,4,1,4,6,4,2,4,2,
105,0,6161,67a945bc8c687a3fb20a5ba3,Guilt,4,41,Man,Undegraduate degree (BA/BSc/other),North American,Joy,4,4,4,4,3,4,4,4,4,1,1,4,3,4,4,4,4,4,4,4,4,4,2,7,4,6,4,6,4,6,1,no comments
106,0,5577,67a945bc8c687a3fb20a5ba3,Surprise,4,41,Man,Undegraduate degree (BA/BSc/other),North American,Joy,3,4,4,4,4,4,4,4,4,4,4,3,3,4,4,4,4,4,4,2,4,4,2,7,4,6,4,6,4,6,1,no comments
107,0,6879,67a945bc8c687a3fb20a5ba3,Sadness,5,41,Man,Undegraduate degree (BA/BSc/other),North American,Joy,4,4,5,4,4,5,4,4,4,4,4,4,4,3,4,4,4,3,3,4,4,4,2,7,4,6,4,6,4,6,1,no comments
108,0,51946,67a945bc8c687a3fb20a5ba3,Guilt,1,41,Man,Undegraduate degree (BA/BSc/other),North American,Joy,4,4,4,4,4,3,3,4,3,4,4,4,4,3,4,4,4,4,4,4,2,4,2,7,4,6,4,6,4,6,1,no comments
109,0,678,67a945bc8c687a3fb20a5ba3,Disgust,2,41,Man,Undegraduate degree (BA/BSc/other),North American,Joy,4,5,4,4,4,4,4,4,4,5,3,4,4,4,4,4,4,3,4,4,4,4,2,7,4,6,4,6,4,6,1,no comments
110,0,4692,66d5d10f4defd1d7b2cdd5c5,Shame,4,38,Woman,High School,North American,Boredom,2,4,5,2,4,5,1,5,4,3,1,3,5,3,1,3,4,5,4,3,5,2,1,6,4,3,6,6,3,5,2,
111,0,52857,66d5d10f4defd1d7b2cdd5c5,Boredom,3,38,Woman,High School,North American,Boredom,5,2,3,3,3,2,1,1,5,4,4,3,3,4,2,2,1,1,4,1,2,2,1,6,4,3,6,6,3,5,2,
112,0,52777,66d5d10f4defd1d7b2cdd5c5,Surprise,4,38,Woman,High School,North American,Boredom,1,4,2,5,2,4,2,5,5,2,3,4,5,4,1,3,2,1,5,1,5,2,1,6,4,3,6,6,3,5,2,
113,0,3514,66d5d10f4defd1d7b2cdd5c5,Anger,4,38,Woman,High School,North American,Boredom,2,4,3,1,4,4,1,5,3,2,1,4,4,3,1,3,4,4,5,3,4,2,1,6,4,3,6,6,3,5,2,
114,0,5753,66d5d10f4defd1d7b2cdd5c5,Guilt,3,38,Woman,High School,North American,Boredom,3,5,1,1,5,4,2,2,5,4,1,4,2,4,2,3,4,1,5,3,5,2,1,6,4,3,6,6,3,5,2,
115,0,41225,673594215b1a0b92d5835525,Anger,5,31,Woman,Undegraduate degree (BA/BSc/other),African,Joy,3,3,3,1,5,4,5,1,5,3,5,4,1,5,1,4,1,5,4,1,3,5,1,6,1,6,7,7,1,7,1,N/A
116,0,41844,673594215b1a0b92d5835525,Surprise,5,31,Woman,Undegraduate degree (BA/BSc/other),African,Joy,1,5,1,5,1,1,5,3,5,1,1,5,2,5,1,5,1,1,5,1,3,5,1,6,1,6,7,7,1,7,1,N/A
117,0,4510,673594215b1a0b92d5835525,Disgust,3,31,Woman,Undegraduate degree (BA/BSc/other),African,Joy,2,5,1,1,5,3,5,5,1,1,5,5,3,4,1,4,1,1,4,1,4,5,1,6,1,6,7,7,1,7,1,N/A
118,0,31304,673594215b1a0b92d5835525,Relief,5,31,Woman,Undegraduate degree (BA/BSc/other),African,Joy,1,3,1,5,1,5,5,5,3,2,5,3,5,5,1,5,1,1,5,1,3,5,1,6,1,6,7,7,1,7,1,N/A
119,0,3926,673594215b1a0b92d5835525,Pride,5,31,Woman,Undegraduate degree (BA/BSc/other),African,Joy,5,1,5,5,1,5,1,5,1,5,5,1,5,1,1,5,1,1,3,1,3,5,1,6,1,6,7,7,1,7,1,N/A
120,0,3514,6743c8da977b0d274dad1fc2,Relief,5,31,Woman,Undegraduate degree (BA/BSc/other),African,Joy,5,4,5,1,5,5,5,5,5,5,1,4,5,5,1,5,5,5,5,5,5,6,1,6,1,6,4,6,1,7,1,NIL
121,0,6135,6743c8da977b0d274dad1fc2,Pride,3,31,Woman,Undegraduate degree (BA/BSc/other),African,Joy,2,5,1,5,1,5,5,5,5,1,5,5,4,5,1,5,1,1,5,1,3,6,1,6,1,6,4,6,1,7,1,NIL
122,0,2218,6743c8da977b0d274dad1fc2,Relief,5,31,Woman,Undegraduate degree (BA/BSc/other),African,Joy,5,1,5,5,1,5,5,5,1,5,3,5,5,1,1,5,1,1,5,5,5,6,1,6,1,6,4,6,1,7,1,NIL
123,0,5955,6743c8da977b0d274dad1fc2,Anger,4,31,Woman,Undegraduate degree (BA/BSc/other),African,Joy,1,5,1,1,5,5,5,3,3,1,1,5,3,5,2,5,1,3,5,1,5,6,1,6,1,6,4,6,1,7,1,NIL
124,0,2195,6743c8da977b0d274dad1fc2,Surprise,5,31,Woman,Undegraduate degree (BA/BSc/other),African,Joy,2,5,1,5,1,5,2,5,1,2,5,3,5,5,1,5,1,1,5,1,5,6,1,6,1,6,4,6,1,7,1,NIL
125,0,548,6717c466a1a5d0cb15bca12e,Sadness,5,31,Man,Graduate degree (MA/MSc/MPhil/other),African,Relief,4,5,1,1,5,4,2,1,4,1,1,1,2,5,5,5,5,3,3,5,5,6,1,7,1,7,7,7,1,7,1,Fun
126,0,51807,6717c466a1a5d0cb15bca12e,Joy,5,31,Man,Graduate degree (MA/MSc/MPhil/other),African,Relief,5,3,3,5,1,5,1,5,5,2,5,3,5,5,3,5,1,1,4,1,2,6,1,7,1,7,7,7,1,7,1,Fun
127,0,4408,6717c466a1a5d0cb15bca12e,Sadness,4,31,Man,Graduate degree (MA/MSc/MPhil/other),African,Relief,5,5,3,1,5,2,1,1,5,2,5,1,3,5,1,4,3,4,5,5,5,6,1,7,1,7,7,7,1,7,1,Fun
128,0,3864,6717c466a1a5d0cb15bca12e,Surprise,5,31,Man,Graduate degree (MA/MSc/MPhil/other),African,Relief,1,1,1,3,1,3,1,1,5,1,3,1,3,5,1,2,1,1,5,1,5,6,1,7,1,7,7,7,1,7,1,Fun
129,0,41641,6717c466a1a5d0cb15bca12e,Surprise,5,31,Man,Graduate degree (MA/MSc/MPhil/other),African,Relief,5,5,2,5,2,5,1,5,5,1,5,1,5,5,1,2,1,1,5,1,5,6,1,7,1,7,7,7,1,7,1,Fun
130,0,41343,6755b42b20cf26a928acaa05,Surprise,5,32,Man,Undegraduate degree (BA/BSc/other),African,Joy,1,5,1,5,1,5,5,1,5,1,5,5,1,5,1,5,1,1,5,1,5,7,1,6,1,7,5,7,1,6,1,NA
131,0,52859,6755b42b20cf26a928acaa05,Relief,5,32,Man,Undegraduate degree (BA/BSc/other),African,Joy,1,5,1,5,1,5,4,5,1,1,5,5,2,5,1,5,1,1,5,1,3,7,1,6,1,7,5,7,1,6,1,NA
132,0,52777,6755b42b20cf26a928acaa05,Joy,5,32,Man,Undegraduate degree (BA/BSc/other),African,Joy,5,3,1,5,1,5,1,5,3,4,4,5,5,5,1,5,1,1,5,1,5,7,1,6,1,7,5,7,1,6,1,NA
133,0,5951,6755b42b20cf26a928acaa05,Shame,3,32,Man,Undegraduate degree (BA/BSc/other),African,Joy,5,3,5,2,4,4,2,5,1,5,3,5,5,5,1,5,1,3,4,4,5,7,1,6,1,7,5,7,1,6,1,NA
134,0,41581,6755b42b20cf26a928acaa05,Sadness,5,32,Man,Undegraduate degree (BA/BSc/other),African,Joy,1,1,5,1,5,5,5,5,1,5,1,5,5,3,1,5,5,5,5,5,5,7,1,6,1,7,5,7,1,6,1,NA
135,0,41225,671139a20b977d78ec2ac1e0,Relief,1,28,Man,Graduate degree (MA/MSc/MPhil/other),African,Joy,2,4,4,2,4,4,3,1,5,4,4,2,4,4,2,4,2,3,5,2,4,6,1,6,2,6,6,5,1,7,2,
136,0,51957,671139a20b977d78ec2ac1e0,Relief,5,28,Man,Graduate degree (MA/MSc/MPhil/other),African,Joy,4,4,3,2,4,5,2,1,5,3,5,4,4,5,4,5,2,4,5,4,5,6,1,6,2,6,6,5,1,7,2,
137,0,6423,671139a20b977d78ec2ac1e0,Joy,1,28,Man,Graduate degree (MA/MSc/MPhil/other),African,Joy,4,2,5,5,1,4,5,2,5,3,5,2,5,5,3,4,2,4,4,2,4,6,1,6,2,6,6,5,1,7,2,
138,0,3519,671139a20b977d78ec2ac1e0,Relief,2,28,Man,Graduate degree (MA/MSc/MPhil/other),African,Joy,2,4,4,5,2,4,4,2,4,1,4,3,5,4,4,4,4,2,4,4,4,6,1,6,2,6,6,5,1,7,2,
139,0,614,66fc5b00ef557c37b7da526a,Sadness,4,26,Man,Graduate degree (MA/MSc/MPhil/other),African,Joy,2,3,3,4,4,4,3,4,3,4,3,4,3,4,3,4,3,4,3,4,3,4,3,6,3,5,5,6,2,7,1,"This study was quite interesting 
"
140,0,4408,66fc5b00ef557c37b7da526a,Sadness,5,26,Man,Graduate degree (MA/MSc/MPhil/other),African,Joy,4,5,3,4,2,3,4,3,4,3,4,3,4,4,3,3,4,3,3,3,3,4,3,6,3,5,5,6,2,7,1,"This study was quite interesting 
"
141,0,74,66fc5b00ef557c37b7da526a,Anger,5,26,Man,Graduate degree (MA/MSc/MPhil/other),African,Joy,3,4,4,3,3,4,3,4,3,4,3,3,4,3,4,3,4,3,4,3,4,4,3,6,3,5,5,6,2,7,1,"This study was quite interesting 
"
142,0,3519,66fc5b00ef557c37b7da526a,Guilt,4,26,Man,Graduate degree (MA/MSc/MPhil/other),African,Joy,3,4,4,3,2,3,4,3,3,2,4,3,4,2,4,3,2,3,4,3,2,4,3,6,3,5,5,6,2,7,1,"This study was quite interesting 
"
143,0,6796,66fc5b00ef557c37b7da526a,Fear,4,26,Man,Graduate degree (MA/MSc/MPhil/other),African,Joy,3,4,3,4,2,3,2,4,2,4,3,4,2,4,3,4,3,4,3,4,3,4,3,6,3,5,5,6,2,7,1,"This study was quite interesting 
"
144,0,52312,5dcec2e2f01cbe000a34bda4,Anger,5,22,Gender Variant / Non-Conforming / Non-binary,Undegraduate degree (BA/BSc/other),North American,Joy,1,4,2,1,5,3,2,2,5,2,1,4,5,5,1,4,5,4,4,5,4,7,2,6,2,6,1,7,2,6,2,
145,0,6804,5dcec2e2f01cbe000a34bda4,Relief,4,22,Gender Variant / Non-Conforming / Non-binary,Undegraduate degree (BA/BSc/other),North American,Joy,3,3,3,3,5,3,5,4,1,2,3,1,4,4,4,3,1,2,2,5,4,7,2,6,2,6,1,7,2,6,2,
146,0,5298,5dcec2e2f01cbe000a34bda4,Sadness,4,22,Gender Variant / Non-Conforming / Non-binary,Undegraduate degree (BA/BSc/other),North American,Joy,5,1,4,1,5,2,1,1,5,4,2,2,2,5,1,2,4,3,2,4,4,7,2,6,2,6,1,7,2,6,2,
147,0,2213,5dcec2e2f01cbe000a34bda4,Trust,5,22,Gender Variant / Non-Conforming / Non-binary,Undegraduate degree (BA/BSc/other),North American,Joy,1,4,4,4,3,5,5,2,4,5,5,4,5,5,5,5,1,2,4,1,4,7,2,6,2,6,1,7,2,6,2,
148,0,31177,5dcec2e2f01cbe000a34bda4,Surprise,4,22,Gender Variant / Non-Conforming / Non-binary,Undegraduate degree (BA/BSc/other),North American,Joy,2,4,2,1,4,2,3,5,2,2,1,3,5,2,3,5,4,3,2,3,1,7,2,6,2,6,1,7,2,6,2,
149,0,61094,672f246d1d67d71960402ef8,Joy,3,32,Man,Undegraduate degree (BA/BSc/other),European,Boredom,3,3,2,4,3,4,2,4,4,3,4,2,4,4,3,3,2,3,3,1,3,4,5,6,3,5,6,6,2,5,2,Interesting study!
150,0,6907,672f246d1d67d71960402ef8,Guilt,4,32,Man,Undegraduate degree (BA/BSc/other),European,Boredom,3,3,2,1,5,3,3,3,5,4,2,2,2,4,3,4,4,3,5,5,5,4,5,6,3,5,6,6,2,5,2,Interesting study!
151,0,52534,672f246d1d67d71960402ef8,Joy,5,32,Man,Undegraduate degree (BA/BSc/other),European,Boredom,4,4,1,5,1,3,4,3,4,2,4,5,4,4,3,2,1,1,3,1,2,4,5,6,3,5,6,6,2,5,2,Interesting study!
152,0,31021,672f246d1d67d71960402ef8,Relief,4,32,Man,Undegraduate degree (BA/BSc/other),European,Boredom,3,2,3,5,1,5,2,5,5,4,5,3,4,4,3,2,2,1,3,1,3,4,5,6,3,5,6,6,2,5,2,Interesting study!
153,0,41287,672f246d1d67d71960402ef8,Relief,4,32,Man,Undegraduate degree (BA/BSc/other),European,Boredom,3,2,5,3,3,4,1,1,1,2,3,1,1,1,5,3,1,1,1,1,2,4,5,6,3,5,6,6,2,5,2,Interesting study!
154,0,822,5ee637a18976fc391312fe01,Sadness,4,49,Man,High School,European,Fear,1,5,1,1,5,4,3,4,2,2,2,3,2,4,2,3,4,1,4,4,3,4,2,6,7,2,7,7,2,2,2,i enjoyed the study 
155,0,52428,5ee637a18976fc391312fe01,Surprise,4,49,Man,High School,European,Fear,3,5,3,1,5,2,2,1,5,2,2,4,2,5,1,4,3,1,5,3,3,4,2,6,7,2,7,7,2,2,2,i enjoyed the study 
156,0,5936,5ee637a18976fc391312fe01,Guilt,1,49,Man,High School,European,Fear,1,5,1,1,5,4,1,5,1,1,1,5,2,1,1,5,5,1,5,5,4,4,2,6,7,2,7,7,2,2,2,i enjoyed the study 
157,0,52502,5ee637a18976fc391312fe01,Joy,1,49,Man,High School,European,Fear,1,5,1,5,1,5,4,2,2,1,5,5,2,4,4,5,1,1,5,1,5,4,2,6,7,2,7,7,2,2,2,i enjoyed the study 
158,0,6161,5ee637a18976fc391312fe01,Trust,3,49,Man,High School,European,Fear,5,3,5,5,1,3,2,5,2,5,5,2,5,2,2,5,1,1,3,1,2,4,2,6,7,2,7,7,2,2,2,i enjoyed the study 
159,0,6315,6658b2343bc07c15a8994c37,Fear,4,31,Woman,Undegraduate degree (BA/BSc/other),European,Trust,4,2,4,1,5,5,2,4,2,3,2,3,4,4,3,4,3,4,5,5,5,3,4,4,5,3,3,6,2,4,3,
160,0,5254,6658b2343bc07c15a8994c37,Boredom,2,31,Woman,Undegraduate degree (BA/BSc/other),European,Trust,4,4,4,2,4,4,1,1,5,4,4,5,4,4,5,3,3,1,5,3,4,3,4,4,5,3,3,6,2,4,3,
161,0,52593,6658b2343bc07c15a8994c37,Pride,4,31,Woman,Undegraduate degree (BA/BSc/other),European,Trust,4,4,3,4,3,5,1,4,3,3,3,4,4,4,1,2,2,1,5,3,5,3,4,4,5,3,3,6,2,4,3,
162,0,3864,6658b2343bc07c15a8994c37,Surprise,4,31,Woman,Undegraduate degree (BA/BSc/other),European,Trust,1,5,3,4,2,4,1,2,5,2,2,5,1,5,5,1,3,3,5,1,5,3,4,4,5,3,3,6,2,4,3,
163,0,52520,6658b2343bc07c15a8994c37,Surprise,5,31,Woman,Undegraduate degree (BA/BSc/other),European,Trust,1,5,1,5,1,4,5,3,1,1,5,3,1,1,5,3,1,1,4,1,2,3,4,4,5,3,3,6,2,4,3,
164,0,51883,659583e0d5fab84895bfac7c,Relief,4,43,Man,High School,European,Trust,2,3,5,2,4,4,1,5,2,5,4,4,3,4,1,5,2,1,5,2,4,4,2,6,2,7,6,5,2,7,5,"thank you for the invitation, this was a very interesting study ,it was quite interesting trying to place yourself inside someone else's mind ,i enjoyed this study."
165,0,41128,659583e0d5fab84895bfac7c,Pride,5,43,Man,High School,European,Trust,3,1,5,4,3,5,1,5,1,5,5,4,4,5,3,4,2,1,5,2,5,4,2,6,2,7,6,5,2,7,5,"thank you for the invitation, this was a very interesting study ,it was quite interesting trying to place yourself inside someone else's mind ,i enjoyed this study."
166,0,5955,659583e0d5fab84895bfac7c,Shame,3,43,Man,High School,European,Trust,3,5,2,1,5,5,5,3,3,3,1,5,2,5,3,5,5,5,5,5,5,4,2,6,2,7,6,5,2,7,5,"thank you for the invitation, this was a very interesting study ,it was quite interesting trying to place yourself inside someone else's mind ,i enjoyed this study."
167,0,4510,659583e0d5fab84895bfac7c,Sadness,4,43,Man,High School,European,Trust,2,4,3,1,5,4,2,2,5,4,1,2,1,5,3,5,5,2,5,5,4,4,2,6,2,7,6,5,2,7,5,"thank you for the invitation, this was a very interesting study ,it was quite interesting trying to place yourself inside someone else's mind ,i enjoyed this study."
168,0,5575,659583e0d5fab84895bfac7c,Surprise,4,43,Man,High School,European,Trust,3,5,1,1,4,1,5,1,5,3,1,1,1,5,5,5,5,3,2,2,2,4,2,6,2,7,6,5,2,7,5,"thank you for the invitation, this was a very interesting study ,it was quite interesting trying to place yourself inside someone else's mind ,i enjoyed this study."
169,0,51882,678646abaa3b874ce6f3ef60,Sadness,4,26,Man,Undegraduate degree (BA/BSc/other),South American,Surprise,4,3,4,2,4,3,2,2,4,3,2,2,2,4,3,4,2,2,3,3,3,4,2,7,1,7,7,4,1,7,2,none
170,0,51240,678646abaa3b874ce6f3ef60,Joy,2,26,Man,Undegraduate degree (BA/BSc/other),South American,Surprise,3,4,3,4,2,2,4,2,3,4,3,3,3,2,4,2,1,5,3,2,4,4,2,7,1,7,7,4,1,7,2,none
171,0,52534,678646abaa3b874ce6f3ef60,Joy,2,26,Man,Undegraduate degree (BA/BSc/other),South American,Surprise,3,2,2,2,4,3,3,4,2,4,2,4,2,3,3,3,4,3,1,3,2,4,2,7,1,7,7,4,1,7,2,none
172,0,5254,678646abaa3b874ce6f3ef60,Shame,2,26,Man,Undegraduate degree (BA/BSc/other),South American,Surprise,3,2,2,2,3,3,3,2,4,4,4,3,2,3,3,2,2,2,2,3,3,4,2,7,1,7,7,4,1,7,2,none
173,0,51949,678646abaa3b874ce6f3ef60,Relief,2,26,Man,Undegraduate degree (BA/BSc/other),South American,Surprise,2,3,3,4,2,4,3,3,4,2,4,2,4,3,3,3,3,2,2,3,4,4,2,7,1,7,7,4,1,7,2,none
174,0,51598,6731b77af6e8e00a06ffa7ee,Joy,5,38,Man,Graduate degree (MA/MSc/MPhil/other),African,Joy,3,2,2,4,4,4,1,4,2,4,4,2,4,3,2,4,2,2,5,1,4,2,2,2,2,5,4,5,2,3,4,The questions were really interesting and I was reminded of similar situations I was in that were like the scenarios given. Interesting survey.
175,0,52338,6731b77af6e8e00a06ffa7ee,Anger,5,38,Man,Graduate degree (MA/MSc/MPhil/other),African,Joy,4,2,4,2,5,4,2,4,2,4,4,2,5,2,2,4,4,4,4,5,3,2,2,2,2,5,4,5,2,3,4,The questions were really interesting and I was reminded of similar situations I was in that were like the scenarios given. Interesting survey.
176,0,52458,6731b77af6e8e00a06ffa7ee,Joy,5,38,Man,Graduate degree (MA/MSc/MPhil/other),African,Joy,1,1,4,5,1,5,2,5,2,4,4,2,5,3,2,4,2,2,5,1,5,2,2,2,2,5,4,5,2,3,4,The questions were really interesting and I was reminded of similar situations I was in that were like the scenarios given. Interesting survey.
177,0,51624,6731b77af6e8e00a06ffa7ee,Relief,4,38,Man,Graduate degree (MA/MSc/MPhil/other),African,Joy,4,1,5,5,1,4,2,2,1,5,5,2,5,1,2,4,1,1,5,1,5,2,2,2,2,5,4,5,2,3,4,The questions were really interesting and I was reminded of similar situations I was in that were like the scenarios given. Interesting survey.
178,0,86,6731b77af6e8e00a06ffa7ee,Pride,5,38,Man,Graduate degree (MA/MSc/MPhil/other),African,Joy,4,1,4,5,1,5,2,5,1,4,5,1,5,1,1,4,1,1,5,1,5,2,2,2,2,5,4,5,2,3,4,The questions were really interesting and I was reminded of similar situations I was in that were like the scenarios given. Interesting survey.
179,0,2180,5f44021f15c23f6e8e413b91,Sadness,5,31,Man,Undegraduate degree (BA/BSc/other),African,Anger,2,2,3,1,5,5,3,4,1,3,1,1,4,2,1,4,4,1,5,4,4,3,2,5,3,4,3,4,2,5,2,n/a
180,0,51915,5f44021f15c23f6e8e413b91,Trust,5,31,Man,Undegraduate degree (BA/BSc/other),African,Anger,5,1,5,3,2,2,1,5,5,5,5,1,1,5,5,5,1,1,4,1,1,3,2,5,3,4,3,4,2,5,2,n/a
181,0,52593,5f44021f15c23f6e8e413b91,Relief,5,31,Man,Undegraduate degree (BA/BSc/other),African,Anger,5,1,5,5,1,5,1,5,1,5,5,1,5,1,1,5,1,1,5,1,2,3,2,5,3,4,3,4,2,5,2,n/a
182,0,51285,5f44021f15c23f6e8e413b91,Joy,5,31,Man,Undegraduate degree (BA/BSc/other),African,Anger,5,1,4,5,1,5,1,5,5,5,5,4,5,5,5,5,1,1,5,1,3,3,2,5,3,4,3,4,2,5,2,n/a
183,0,52584,5f44021f15c23f6e8e413b91,Surprise,5,31,Man,Undegraduate degree (BA/BSc/other),African,Anger,5,5,1,3,3,3,3,3,3,4,4,4,4,4,4,4,1,1,5,3,5,3,2,5,3,4,3,4,2,5,2,n/a
184,0,5642,66797434f2976e5e07473fe4,Sadness,1,26,Woman,Graduate degree (MA/MSc/MPhil/other),European,I currently do not feel any emotion,1,4,1,1,5,5,1,1,5,4,3,4,1,5,1,4,5,4,5,4,5,3,6,4,4,3,5,6,2,4,5,
185,0,61021,66797434f2976e5e07473fe4,Sadness,4,26,Woman,Graduate degree (MA/MSc/MPhil/other),European,I currently do not feel any emotion,2,3,2,1,5,4,1,3,3,3,1,2,2,4,1,3,3,1,3,3,3,3,6,4,4,3,5,6,2,4,5,
186,0,31177,66797434f2976e5e07473fe4,Shame,4,26,Woman,Graduate degree (MA/MSc/MPhil/other),European,I currently do not feel any emotion,2,4,1,1,3,2,4,5,2,2,1,4,5,3,1,4,2,1,4,4,1,3,6,4,4,3,5,6,2,4,5,
187,0,52709,66797434f2976e5e07473fe4,Trust,2,26,Woman,Graduate degree (MA/MSc/MPhil/other),European,I currently do not feel any emotion,5,4,2,5,1,3,2,3,5,3,3,1,4,5,1,4,1,1,5,1,2,3,6,4,4,3,5,6,2,4,5,
188,0,31347,66797434f2976e5e07473fe4,Relief,1,26,Woman,Graduate degree (MA/MSc/MPhil/other),European,I currently do not feel any emotion,5,2,4,5,1,2,2,2,5,3,5,2,5,5,1,5,1,1,3,1,1,3,6,4,4,3,5,6,2,4,5,
189,0,4571,59ccd702faf42e00012b68f5,Shame,3,29,Man,Secondary Eductation,European,Boredom,4,4,3,1,5,4,2,3,5,2,1,4,2,5,2,2,4,5,5,4,4,1,6,4,6,3,7,3,5,4,2,
190,0,51949,59ccd702faf42e00012b68f5,Fear,4,29,Man,Secondary Eductation,European,Boredom,3,2,4,1,5,5,2,2,4,3,2,3,3,4,2,3,2,1,5,2,4,1,6,4,6,3,7,3,5,4,2,
191,0,3514,59ccd702faf42e00012b68f5,Anger,4,29,Man,Secondary Eductation,European,Boredom,4,4,5,3,3,4,1,5,3,4,1,2,4,3,1,3,4,5,3,2,4,1,6,4,6,3,7,3,5,4,2,
192,0,525,59ccd702faf42e00012b68f5,Anger,3,29,Man,Secondary Eductation,European,Boredom,4,5,1,1,5,1,1,1,5,1,1,3,1,5,1,2,3,4,5,2,3,1,6,4,6,3,7,3,5,4,2,
193,0,6907,59ccd702faf42e00012b68f5,Shame,4,29,Man,Secondary Eductation,European,Boredom,4,2,2,1,4,4,1,3,3,2,1,3,4,3,2,2,4,3,4,4,3,1,6,4,6,3,7,3,5,4,2,
194,0,5454,67ccdedfed7594041a89df19,Boredom,5,46,Man,Undegraduate degree (BA/BSc/other),African,Surprise,1,4,1,1,5,4,3,3,1,2,5,1,1,4,3,1,3,1,4,4,4,6,1,5,2,6,4,6,1,5,1,"Thank you for the chance to take part in the study , instructions were clear, had no issues answering the questions asked"
195,0,4692,67ccdedfed7594041a89df19,Guilt,5,46,Man,Undegraduate degree (BA/BSc/other),African,Surprise,2,5,4,4,1,5,5,5,5,5,5,2,4,5,5,4,4,4,4,5,4,6,1,5,2,6,4,6,1,5,1,"Thank you for the chance to take part in the study , instructions were clear, had no issues answering the questions asked"
196,0,4609,67ccdedfed7594041a89df19,Fear,5,46,Man,Undegraduate degree (BA/BSc/other),African,Surprise,1,5,4,1,5,1,4,5,4,4,1,4,4,4,5,4,4,4,4,5,4,6,1,5,2,6,4,6,1,5,1,"Thank you for the chance to take part in the study , instructions were clear, had no issues answering the questions asked"
197,0,51595,67ccdedfed7594041a89df19,Joy,1,46,Man,Undegraduate degree (BA/BSc/other),African,Surprise,5,5,5,5,1,5,5,5,4,4,5,5,5,5,5,5,5,1,4,1,5,6,1,5,2,6,4,6,1,5,1,"Thank you for the chance to take part in the study , instructions were clear, had no issues answering the questions asked"
198,0,52739,67ccdedfed7594041a89df19,Relief,3,46,Man,Undegraduate degree (BA/BSc/other),African,Surprise,4,5,4,4,1,4,4,4,4,4,5,5,4,4,3,2,1,1,4,1,4,6,1,5,2,6,4,6,1,5,1,"Thank you for the chance to take part in the study , instructions were clear, had no issues answering the questions asked"
199,0,51139,67d0105b1fb3badf3fe2420a,Joy,5,51,Woman,Doctorate degree (PhD/other),Other,Joy,1,1,5,5,1,5,5,5,5,5,5,5,5,1,1,1,1,1,1,1,1,7,1,7,1,7,1,7,1,7,1,
200,0,781,67d0105b1fb3badf3fe2420a,Joy,5,51,Woman,Doctorate degree (PhD/other),Other,Joy,1,5,1,5,1,5,5,1,5,5,5,5,3,5,1,3,1,1,5,1,1,7,1,7,1,7,1,7,1,7,1,
201,0,4821,67d0105b1fb3badf3fe2420a,Pride,5,51,Woman,Doctorate degree (PhD/other),Other,Joy,3,5,5,5,1,3,5,5,1,5,5,5,5,1,1,1,1,1,5,1,5,7,1,7,1,7,1,7,1,7,1,
202,0,3618,67d0105b1fb3badf3fe2420a,Joy,5,51,Woman,Doctorate degree (PhD/other),Other,Joy,5,5,5,5,1,5,5,5,3,5,5,5,5,4,3,1,1,1,1,1,1,7,1,7,1,7,1,7,1,7,1,
203,0,6235,67d0105b1fb3badf3fe2420a,Sadness,5,51,Woman,Doctorate degree (PhD/other),Other,Joy,1,5,1,1,5,1,5,1,5,1,1,5,5,5,5,5,5,1,5,5,5,7,1,7,1,7,1,7,1,7,1,
204,0,6162,6767d7cb119ea20af1676aeb,Boredom,3,42,Gender Variant / Non-Conforming / Non-binary,High School,North American,Relief,2,1,1,3,3,4,5,1,5,5,4,1,5,5,1,5,1,5,5,3,2,1,2,3,5,3,7,6,5,3,5,"You need to add ""Anxiety"" to the list of emotions which can be selected for a prediction."
205,0,363,6767d7cb119ea20af1676aeb,Anger,5,42,Gender Variant / Non-Conforming / Non-binary,High School,North American,Relief,5,3,3,1,5,2,1,2,5,3,1,2,1,5,1,4,4,1,2,5,3,1,2,3,5,3,7,6,5,3,5,"You need to add ""Anxiety"" to the list of emotions which can be selected for a prediction."
206,0,3605,6767d7cb119ea20af1676aeb,Pride,4,42,Gender Variant / Non-Conforming / Non-binary,High School,North American,Relief,5,1,4,4,2,5,1,4,3,2,5,5,3,4,1,5,1,1,5,1,4,1,2,3,5,3,7,6,5,3,5,"You need to add ""Anxiety"" to the list of emotions which can be selected for a prediction."
207,0,559,6767d7cb119ea20af1676aeb,Anger,2,42,Gender Variant / Non-Conforming / Non-binary,High School,North American,Relief,3,4,5,1,5,5,2,4,2,5,1,4,4,2,2,3,5,1,5,4,5,1,2,3,5,3,7,6,5,3,5,"You need to add ""Anxiety"" to the list of emotions which can be selected for a prediction."
208,0,4609,6767d7cb119ea20af1676aeb,Fear,1,42,Gender Variant / Non-Conforming / Non-binary,High School,North American,Relief,1,5,1,1,5,5,5,1,5,1,1,5,1,5,1,1,5,5,5,5,4,1,2,3,5,3,7,6,5,3,5,"You need to add ""Anxiety"" to the list of emotions which can be selected for a prediction."
209,0,52716,5755c957eb80c4000741a9ce,Joy,1,42,Man,Graduate degree (MA/MSc/MPhil/other),European,Boredom,1,3,3,5,1,4,1,3,4,5,5,4,5,5,1,5,1,1,5,1,3,2,2,2,6,7,5,7,5,3,1,"One of the story segments didn't seem to make sense. It referred to an ex husband getting a girlfriend ""because they were still married."" But if they're still married then why would he be an ex?"
210,0,6224,5755c957eb80c4000741a9ce,Anger,2,42,Man,Graduate degree (MA/MSc/MPhil/other),European,Boredom,1,3,3,1,5,5,1,1,5,3,1,2,2,5,1,2,4,4,5,4,5,2,2,2,6,7,5,7,5,3,1,"One of the story segments didn't seem to make sense. It referred to an ex husband getting a girlfriend ""because they were still married."" But if they're still married then why would he be an ex?"
211,0,6968,5755c957eb80c4000741a9ce,Anger,2,42,Man,Graduate degree (MA/MSc/MPhil/other),European,Boredom,5,4,5,1,2,1,1,1,5,3,1,5,4,4,1,5,2,1,3,2,2,2,2,2,6,7,5,7,5,3,1,"One of the story segments didn't seem to make sense. It referred to an ex husband getting a girlfriend ""because they were still married."" But if they're still married then why would he be an ex?"
212,0,3538,5755c957eb80c4000741a9ce,Relief,1,42,Man,Graduate degree (MA/MSc/MPhil/other),European,Boredom,1,3,5,5,1,5,2,3,3,4,5,3,3,4,1,5,1,1,5,1,4,2,2,2,6,7,5,7,5,3,1,"One of the story segments didn't seem to make sense. It referred to an ex husband getting a girlfriend ""because they were still married."" But if they're still married then why would he be an ex?"
213,0,4327,5755c957eb80c4000741a9ce,Anger,3,42,Man,Graduate degree (MA/MSc/MPhil/other),European,Boredom,2,4,3,1,5,3,1,1,5,4,1,3,2,4,1,4,5,5,5,4,5,2,2,2,6,7,5,7,5,3,1,"One of the story segments didn't seem to make sense. It referred to an ex husband getting a girlfriend ""because they were still married."" But if they're still married then why would he be an ex?"
214,0,41548,5d8cef3c28e183001a335ab0,Guilt,2,37,Woman,Graduate degree (MA/MSc/MPhil/other),European,Sadness,2,2,2,1,5,4,1,5,1,2,1,3,2,2,1,4,3,4,3,3,3,1,5,6,7,2,4,3,5,1,5,"Thanks, all good :)"
215,0,5691,5d8cef3c28e183001a335ab0,Anger,3,37,Woman,Graduate degree (MA/MSc/MPhil/other),European,Sadness,1,3,1,1,5,4,1,2,5,1,1,3,1,4,1,1,4,5,3,4,4,1,5,6,7,2,4,3,5,1,5,"Thanks, all good :)"
216,0,51178,5d8cef3c28e183001a335ab0,Pride,3,37,Woman,Graduate degree (MA/MSc/MPhil/other),European,Sadness,2,1,2,5,1,4,1,5,2,3,5,2,4,1,1,1,1,1,3,1,1,1,5,6,7,2,4,3,5,1,5,"Thanks, all good :)"
217,0,272,5d8cef3c28e183001a335ab0,Fear,1,37,Woman,Graduate degree (MA/MSc/MPhil/other),European,Sadness,1,1,2,3,3,2,1,4,4,2,3,2,2,3,1,1,1,1,4,1,2,1,5,6,7,2,4,3,5,1,5,"Thanks, all good :)"
218,0,5936,5d8cef3c28e183001a335ab0,Shame,1,37,Woman,Graduate degree (MA/MSc/MPhil/other),European,Sadness,1,4,2,1,5,3,1,5,1,1,1,4,2,4,3,2,3,2,4,4,4,1,5,6,7,2,4,3,5,1,5,"Thanks, all good :)"
219,0,21,5be9e07b887ea400012b46e6,Anger,3,37,Woman,Undegraduate degree (BA/BSc/other),European,Boredom,2,4,3,1,5,3,1,2,4,4,4,4,1,5,1,2,5,4,4,3,3,2,1,5,3,2,6,3,2,6,5,
220,0,52444,5be9e07b887ea400012b46e6,Relief,3,37,Woman,Undegraduate degree (BA/BSc/other),European,Boredom,2,3,2,5,1,2,3,4,4,3,3,3,4,4,1,3,1,1,4,1,2,2,1,5,3,2,6,3,2,6,5,
221,0,51053,5be9e07b887ea400012b46e6,Guilt,4,37,Woman,Undegraduate degree (BA/BSc/other),European,Boredom,4,1,4,2,4,3,1,4,4,4,1,1,4,4,3,3,2,3,3,2,2,2,1,5,3,2,6,3,2,6,5,
222,0,5556,5be9e07b887ea400012b46e6,Disgust,4,37,Woman,Undegraduate degree (BA/BSc/other),European,Boredom,2,3,2,1,5,3,2,1,5,3,1,3,2,4,1,2,5,4,4,2,4,2,1,5,3,2,6,3,2,6,5,
223,0,2158,5be9e07b887ea400012b46e6,Relief,4,37,Woman,Undegraduate degree (BA/BSc/other),European,Boredom,2,2,2,3,3,2,1,4,2,4,1,2,2,3,3,4,3,1,4,4,3,2,1,5,3,2,6,3,2,6,5,
224,0,6235,5e9acf727a43c80009bab5bf,Boredom,3,36,Man,Undegraduate degree (BA/BSc/other),European,I currently do not feel any emotion,1,4,4,1,4,1,4,2,1,1,1,2,1,1,5,5,4,2,2,4,1,6,2,6,2,6,3,6,1,6,3,"Nothing to add, thanks"
225,0,5642,5e9acf727a43c80009bab5bf,Shame,3,36,Man,Undegraduate degree (BA/BSc/other),European,I currently do not feel any emotion,1,4,1,1,5,5,1,1,5,5,1,1,1,5,1,2,5,4,3,5,4,6,2,6,2,6,3,6,1,6,3,"Nothing to add, thanks"
226,0,3423,5e9acf727a43c80009bab5bf,Sadness,3,36,Man,Undegraduate degree (BA/BSc/other),European,I currently do not feel any emotion,1,5,1,1,5,5,2,1,5,1,1,5,1,5,1,3,5,5,5,5,5,6,2,6,2,6,3,6,1,6,3,"Nothing to add, thanks"
227,0,6836,5e9acf727a43c80009bab5bf,Sadness,4,36,Man,Undegraduate degree (BA/BSc/other),European,I currently do not feel any emotion,1,4,1,1,4,4,1,1,5,1,5,2,1,5,1,4,3,1,4,2,2,6,2,6,2,6,3,6,1,6,3,"Nothing to add, thanks"
228,0,52289,5e9acf727a43c80009bab5bf,Surprise,3,36,Man,Undegraduate degree (BA/BSc/other),European,I currently do not feel any emotion,2,5,4,1,5,5,1,1,5,5,1,2,1,5,1,4,4,1,4,5,5,6,2,6,2,6,3,6,1,6,3,"Nothing to add, thanks"
229,0,52004,674acd860a2dfcb6f8a45539,Joy,2,27,Woman,Undegraduate degree (BA/BSc/other),African,Joy,4,2,4,5,1,3,4,3,3,2,5,4,4,2,3,3,2,1,4,3,3,5,3,7,7,5,6,6,2,3,2,
230,0,6315,674acd860a2dfcb6f8a45539,Sadness,4,27,Woman,Undegraduate degree (BA/BSc/other),African,Joy,3,2,3,1,5,3,5,2,1,4,1,3,2,1,5,2,2,1,3,3,5,5,3,7,7,5,6,6,2,3,2,
231,0,51883,674acd860a2dfcb6f8a45539,Joy,5,27,Woman,Undegraduate degree (BA/BSc/other),African,Joy,4,5,5,5,1,2,5,5,2,1,5,5,2,2,5,1,2,1,5,2,5,5,3,7,7,5,6,6,2,3,2,
232,0,41835,674acd860a2dfcb6f8a45539,Fear,3,27,Woman,Undegraduate degree (BA/BSc/other),African,Joy,1,3,1,1,5,4,5,5,5,3,4,5,5,5,4,4,5,4,4,3,4,5,3,7,7,5,6,6,2,3,2,
233,0,51775,674acd860a2dfcb6f8a45539,Pride,4,27,Woman,Undegraduate degree (BA/BSc/other),African,Joy,5,4,5,5,1,5,5,5,3,4,4,5,5,2,3,2,1,2,5,2,5,5,3,7,7,5,6,6,2,3,2,
234,0,5700,5e3891a0ffe78b000a8a4124,Anger,1,56,Man,Undegraduate degree (BA/BSc/other),European,I currently do not feel any emotion,2,4,2,1,5,2,3,1,5,2,1,3,2,4,4,3,5,5,4,5,4,2,3,7,2,5,6,4,3,6,6,
235,0,41548,5e3891a0ffe78b000a8a4124,Shame,2,56,Man,Undegraduate degree (BA/BSc/other),European,I currently do not feel any emotion,3,2,4,1,4,4,1,5,1,4,1,2,1,4,1,3,4,4,3,4,2,2,3,7,2,5,6,4,3,6,6,
236,0,6716,5e3891a0ffe78b000a8a4124,Pride,3,56,Man,Undegraduate degree (BA/BSc/other),European,I currently do not feel any emotion,2,1,4,4,1,2,1,3,4,4,5,2,3,2,2,4,1,1,3,1,2,2,3,7,2,5,6,4,3,6,6,
237,0,51053,5e3891a0ffe78b000a8a4124,Guilt,2,56,Man,Undegraduate degree (BA/BSc/other),European,I currently do not feel any emotion,2,1,4,3,3,2,1,5,3,4,3,2,3,2,3,3,1,1,2,1,2,2,3,7,2,5,6,4,3,6,6,
238,0,5609,5e3891a0ffe78b000a8a4124,Fear,2,56,Man,Undegraduate degree (BA/BSc/other),European,I currently do not feel any emotion,2,3,2,1,4,3,2,2,3,4,2,2,3,4,4,4,1,1,2,2,1,2,3,7,2,5,6,4,3,6,6,
239,0,52827,6777f1d7ac25a7e6b0efc90d,Sadness,4,62,Woman,Doctorate degree (PhD/other),African,Boredom,2,5,1,1,5,4,1,1,5,2,5,5,3,5,2,2,3,5,4,2,4,4,5,7,7,5,7,7,1,7,1,"no issues, the study went well"
240,0,6304,6777f1d7ac25a7e6b0efc90d,Sadness,5,62,Woman,Doctorate degree (PhD/other),African,Boredom,4,4,3,1,5,1,1,1,5,3,2,4,3,3,2,2,4,5,5,2,3,4,5,7,7,5,7,7,1,7,1,"no issues, the study went well"
241,0,4327,6777f1d7ac25a7e6b0efc90d,Anger,4,62,Woman,Doctorate degree (PhD/other),African,Boredom,4,4,2,2,5,3,2,5,5,3,5,5,2,5,4,4,5,5,4,2,5,4,5,7,7,5,7,7,1,7,1,"no issues, the study went well"
242,0,6204,6777f1d7ac25a7e6b0efc90d,Sadness,5,62,Woman,Doctorate degree (PhD/other),African,Boredom,3,5,1,1,5,4,5,1,2,1,5,5,3,2,2,2,4,1,5,3,5,4,5,7,7,5,7,7,1,7,1,"no issues, the study went well"
243,0,51738,6665c5a5387f809670d7d39b,Pride,1,32,Man,Graduate degree (MA/MSc/MPhil/other),African,Joy,3,1,2,4,1,2,1,4,2,5,3,2,2,4,3,3,1,1,3,1,2,5,1,6,1,6,4,5,1,5,1,I like how short and straightforward it was
244,0,6864,6665c5a5387f809670d7d39b,Sadness,1,32,Man,Graduate degree (MA/MSc/MPhil/other),African,Joy,1,5,1,1,5,2,2,1,5,1,3,2,1,5,5,1,3,3,3,5,5,5,1,6,1,6,4,5,1,5,1,I like how short and straightforward it was
245,0,31181,6665c5a5387f809670d7d39b,Joy,1,32,Man,Graduate degree (MA/MSc/MPhil/other),African,Joy,1,5,1,5,1,3,5,1,1,1,3,1,1,2,5,4,1,1,1,1,1,5,1,6,1,6,4,5,1,5,1,I like how short and straightforward it was
246,0,52289,6665c5a5387f809670d7d39b,Anger,1,32,Man,Graduate degree (MA/MSc/MPhil/other),African,Joy,1,5,1,1,5,1,1,3,4,1,2,4,1,5,1,3,1,1,4,3,4,5,1,6,1,6,4,5,1,5,1,I like how short and straightforward it was
247,0,3401,6665c5a5387f809670d7d39b,Disgust,2,32,Man,Graduate degree (MA/MSc/MPhil/other),African,Joy,1,5,1,1,5,2,3,1,1,1,1,1,2,1,2,4,1,1,1,1,3,5,1,6,1,6,4,5,1,5,1,I like how short and straightforward it was
248,0,2218,673afb0e64825773fdef73ab,Shame,4,22,Man,Undegraduate degree (BA/BSc/other),European,Joy,4,4,5,2,4,4,1,5,3,5,3,3,4,4,2,4,2,2,4,2,4,5,3,6,2,4,2,5,3,5,2,
249,0,31304,673afb0e64825773fdef73ab,Relief,5,22,Man,Undegraduate degree (BA/BSc/other),European,Joy,2,4,2,2,3,5,4,3,2,2,3,3,4,4,2,2,4,2,4,2,4,5,3,6,2,4,2,5,3,5,2,
250,0,5951,673afb0e64825773fdef73ab,Pride,5,22,Man,Undegraduate degree (BA/BSc/other),European,Joy,4,1,4,3,3,4,1,1,1,4,4,2,4,3,2,2,1,1,4,1,4,5,3,6,2,4,2,5,3,5,2,
251,0,6110,673afb0e64825773fdef73ab,Anger,4,22,Man,Undegraduate degree (BA/BSc/other),European,Joy,2,3,2,1,3,2,4,2,1,2,1,2,1,1,1,1,1,1,2,1,3,5,3,6,2,4,2,5,3,5,2,
252,0,51178,673afb0e64825773fdef73ab,Pride,5,22,Man,Undegraduate degree (BA/BSc/other),European,Joy,1,3,4,4,2,4,2,4,1,4,4,4,4,2,1,1,1,1,4,2,2,5,3,6,2,4,2,5,3,5,2,
253,0,2129,6701db7d27bdd24afded38f2,Joy,4,53,Woman,Graduate degree (MA/MSc/MPhil/other),European,Joy,4,1,4,5,1,3,2,5,3,4,5,2,4,5,1,4,1,1,3,1,1,5,2,7,1,5,6,7,1,6,6,
254,0,5109,6701db7d27bdd24afded38f2,Sadness,2,53,Woman,Graduate degree (MA/MSc/MPhil/other),European,Joy,1,4,2,1,5,4,3,5,1,4,1,2,2,2,1,4,4,1,4,2,2,5,2,7,1,5,6,7,1,6,6,
255,0,52579,6701db7d27bdd24afded38f2,Surprise,2,53,Woman,Graduate degree (MA/MSc/MPhil/other),European,Joy,1,4,2,5,1,5,4,5,1,5,5,3,1,4,1,5,1,1,5,1,3,5,2,7,1,5,6,7,1,6,6,
256,0,51289,6701db7d27bdd24afded38f2,Joy,2,53,Woman,Graduate degree (MA/MSc/MPhil/other),European,Joy,5,2,4,5,1,4,2,4,4,4,5,2,4,4,1,4,1,1,1,1,3,5,2,7,1,5,6,7,1,6,6,
257,0,349,6701db7d27bdd24afded38f2,Anger,4,53,Woman,Graduate degree (MA/MSc/MPhil/other),European,Joy,1,5,1,1,5,3,1,1,5,4,1,3,1,5,1,3,5,4,4,1,3,5,2,7,1,5,6,7,1,6,6,
258,0,52428,676bb4b5d7fdfcfbe5e4675e,Sadness,1,35,Man,Graduate degree (MA/MSc/MPhil/other),African,Fear,2,5,1,1,5,1,4,1,1,1,1,5,1,1,5,2,1,1,5,2,2,7,3,3,3,6,1,3,2,3,1,
259,0,5371,676bb4b5d7fdfcfbe5e4675e,Surprise,1,35,Man,Graduate degree (MA/MSc/MPhil/other),African,Fear,1,5,1,1,5,1,5,1,2,1,1,4,1,2,5,4,3,3,4,3,3,7,3,3,3,6,1,3,2,3,1,
260,0,51775,676bb4b5d7fdfcfbe5e4675e,Joy,1,35,Man,Graduate degree (MA/MSc/MPhil/other),African,Fear,5,1,5,4,1,4,3,5,1,5,4,1,5,3,5,5,1,1,5,1,5,7,3,3,3,6,1,3,2,3,1,
261,0,41871,676bb4b5d7fdfcfbe5e4675e,Trust,2,35,Man,Graduate degree (MA/MSc/MPhil/other),African,Fear,5,1,3,1,5,5,1,5,1,5,5,5,5,5,1,1,2,1,1,1,1,7,3,3,3,6,1,3,2,3,1,
262,0,5642,676bb4b5d7fdfcfbe5e4675e,Anger,1,35,Man,Graduate degree (MA/MSc/MPhil/other),African,Fear,1,5,1,1,5,1,1,1,5,5,1,5,1,5,2,1,4,5,5,5,5,7,3,3,3,6,1,3,2,3,1,
263,0,3639,67d34a0adaf54e3354cf2b1c,Pride,5,24,Woman,Graduate degree (MA/MSc/MPhil/other),European,Boredom,3,2,3,4,3,4,4,4,3,4,3,4,3,4,3,4,3,4,3,4,4,5,3,6,4,4,6,6,1,7,2,
264,0,52312,67d34a0adaf54e3354cf2b1c,Anger,5,24,Woman,Graduate degree (MA/MSc/MPhil/other),European,Boredom,3,3,3,4,3,4,3,4,3,4,3,3,3,4,3,3,4,3,2,3,3,5,3,6,4,4,6,6,1,7,2,
265,0,90,67d34a0adaf54e3354cf2b1c,Sadness,5,24,Woman,Graduate degree (MA/MSc/MPhil/other),European,Boredom,2,3,4,3,3,3,4,3,3,4,2,3,4,3,3,3,4,3,4,3,3,5,3,6,4,4,6,6,1,7,2,
266,0,52648,67d34a0adaf54e3354cf2b1c,Surprise,5,24,Woman,Graduate degree (MA/MSc/MPhil/other),European,Boredom,3,3,4,3,4,4,3,4,3,3,4,4,3,3,2,3,3,3,3,3,4,5,3,6,4,4,6,6,1,7,2,
267,0,6304,67d34a0adaf54e3354cf2b1c,Sadness,5,24,Woman,Graduate degree (MA/MSc/MPhil/other),European,Boredom,3,3,4,3,4,3,4,3,4,3,4,3,4,3,4,3,3,4,2,3,3,5,3,6,4,4,6,6,1,7,2,
268,0,31145,598b108e504c5200011964a1,Shame,1,39,Woman,Undegraduate degree (BA/BSc/other),Hispanic/Latino,Joy,1,3,3,1,5,5,5,3,3,1,1,5,5,5,3,3,5,5,5,3,5,6,3,6,3,7,4,6,4,6,1,"I would change the ""moderately"" to ""not sure"" because in some of the cases, there was too little context to be able to know which way the person was leaning to. Like the pregnancy question, ""I got pregnant with my son"", there are so many different ways one can say that. If it's a wished for child, if it's ""another kid after the 4 I already have"", if it's a rape pregnancy, if it's a simple unwanted pregnancy that she never wished for because she doesn't want to be a mom. So ""not sure"" is better than saying that she moderately had control over the situation, in a rape, for example, you have 0 control, in a failed contraceptive occurrence you thought you had control but really didn't, and in a wanted pregnancy you had more or less control but sometimes medicine helps and has more control. "
269,0,51946,598b108e504c5200011964a1,Pride,1,39,Woman,Undegraduate degree (BA/BSc/other),Hispanic/Latino,Joy,3,3,1,1,5,5,5,5,5,5,5,5,3,3,3,5,5,5,5,3,5,6,3,6,3,7,4,6,4,6,1,"I would change the ""moderately"" to ""not sure"" because in some of the cases, there was too little context to be able to know which way the person was leaning to. Like the pregnancy question, ""I got pregnant with my son"", there are so many different ways one can say that. If it's a wished for child, if it's ""another kid after the 4 I already have"", if it's a rape pregnancy, if it's a simple unwanted pregnancy that she never wished for because she doesn't want to be a mom. So ""not sure"" is better than saying that she moderately had control over the situation, in a rape, for example, you have 0 control, in a failed contraceptive occurrence you thought you had control but really didn't, and in a wanted pregnancy you had more or less control but sometimes medicine helps and has more control. "
270,0,51153,598b108e504c5200011964a1,Sadness,4,39,Woman,Undegraduate degree (BA/BSc/other),Hispanic/Latino,Joy,3,3,3,3,3,5,5,3,3,5,3,5,3,3,3,3,3,3,5,3,5,6,3,6,3,7,4,6,4,6,1,"I would change the ""moderately"" to ""not sure"" because in some of the cases, there was too little context to be able to know which way the person was leaning to. Like the pregnancy question, ""I got pregnant with my son"", there are so many different ways one can say that. If it's a wished for child, if it's ""another kid after the 4 I already have"", if it's a rape pregnancy, if it's a simple unwanted pregnancy that she never wished for because she doesn't want to be a mom. So ""not sure"" is better than saying that she moderately had control over the situation, in a rape, for example, you have 0 control, in a failed contraceptive occurrence you thought you had control but really didn't, and in a wanted pregnancy you had more or less control but sometimes medicine helps and has more control. "
271,0,52374,598b108e504c5200011964a1,Shame,4,39,Woman,Undegraduate degree (BA/BSc/other),Hispanic/Latino,Joy,3,3,3,1,5,3,3,5,3,3,3,3,5,3,3,3,3,3,5,3,3,6,3,6,3,7,4,6,4,6,1,"I would change the ""moderately"" to ""not sure"" because in some of the cases, there was too little context to be able to know which way the person was leaning to. Like the pregnancy question, ""I got pregnant with my son"", there are so many different ways one can say that. If it's a wished for child, if it's ""another kid after the 4 I already have"", if it's a rape pregnancy, if it's a simple unwanted pregnancy that she never wished for because she doesn't want to be a mom. So ""not sure"" is better than saying that she moderately had control over the situation, in a rape, for example, you have 0 control, in a failed contraceptive occurrence you thought you had control but really didn't, and in a wanted pregnancy you had more or less control but sometimes medicine helps and has more control. "
272,0,52598,598b108e504c5200011964a1,Joy,2,39,Woman,Undegraduate degree (BA/BSc/other),Hispanic/Latino,Joy,3,3,3,3,3,5,3,3,5,3,3,5,3,5,3,3,3,3,5,3,5,6,3,6,3,7,4,6,4,6,1,"I would change the ""moderately"" to ""not sure"" because in some of the cases, there was too little context to be able to know which way the person was leaning to. Like the pregnancy question, ""I got pregnant with my son"", there are so many different ways one can say that. If it's a wished for child, if it's ""another kid after the 4 I already have"", if it's a rape pregnancy, if it's a simple unwanted pregnancy that she never wished for because she doesn't want to be a mom. So ""not sure"" is better than saying that she moderately had control over the situation, in a rape, for example, you have 0 control, in a failed contraceptive occurrence you thought you had control but really didn't, and in a wanted pregnancy you had more or less control but sometimes medicine helps and has more control. "
273,0,689,67620128f5496ea07672039c,Anger,4,65,Man,High School,European,Sadness,4,4,2,2,4,2,3,4,4,2,4,5,1,4,2,4,5,4,4,4,2,3,2,6,5,6,7,6,2,3,1,I liked it because it allowed me to be introspective about how I  would have felt/reacted in the examples. 
274,0,51240,67620128f5496ea07672039c,Fear,4,65,Man,High School,European,Sadness,1,4,4,3,4,5,4,5,5,5,3,4,1,1,1,3,4,2,5,4,5,3,2,6,5,6,7,6,2,3,1,I liked it because it allowed me to be introspective about how I  would have felt/reacted in the examples. 
275,0,7160,67620128f5496ea07672039c,Fear,4,65,Man,High School,European,Sadness,4,4,4,1,5,4,1,5,4,5,2,3,2,4,4,3,3,3,4,5,4,3,2,6,5,6,7,6,2,3,1,I liked it because it allowed me to be introspective about how I  would have felt/reacted in the examples. 
276,0,41311,67620128f5496ea07672039c,Fear,5,65,Man,High School,European,Sadness,1,5,1,1,5,5,1,3,5,5,1,5,2,5,5,2,5,4,5,4,5,3,2,6,5,6,7,6,2,3,1,I liked it because it allowed me to be introspective about how I  would have felt/reacted in the examples. 
277,0,6752,67620128f5496ea07672039c,Relief,4,65,Man,High School,European,Sadness,5,1,5,2,4,5,1,5,4,5,5,1,4,5,3,5,2,1,5,1,5,3,2,6,5,6,7,6,2,3,1,I liked it because it allowed me to be introspective about how I  would have felt/reacted in the examples. 
278,0,4337,62db2644ab0a3a353c0dcb54,Surprise,3,44,Man,High School,European,Boredom,4,3,3,2,3,3,4,3,2,3,4,3,2,3,3,3,4,3,2,3,4,4,5,5,4,2,4,4,3,6,4,
279,0,6796,62db2644ab0a3a353c0dcb54,Boredom,4,44,Man,High School,European,Boredom,4,3,3,3,2,3,4,4,3,2,3,3,3,4,3,2,3,4,4,2,3,4,5,5,4,2,4,4,3,6,4,
280,0,3302,62db2644ab0a3a353c0dcb54,Boredom,4,44,Man,High School,European,Boredom,2,3,3,4,3,3,4,3,2,3,3,4,4,3,2,3,4,3,4,3,3,4,5,5,4,2,4,4,3,6,4,
281,0,6953,62db2644ab0a3a353c0dcb54,Sadness,3,44,Man,High School,European,Boredom,4,3,2,3,3,2,3,4,4,3,3,2,3,3,4,3,4,3,3,3,3,4,5,5,4,2,4,4,3,6,4,
282,0,6320,62db2644ab0a3a353c0dcb54,Fear,4,44,Man,High School,European,Boredom,4,4,3,4,3,3,4,3,4,3,2,2,3,4,4,3,3,2,3,2,3,4,5,5,4,2,4,4,3,6,4,
283,0,51882,5f3287b83428cb05746e2214,Sadness,4,36,Woman,Undegraduate degree (BA/BSc/other),African,I currently do not feel any emotion,1,3,2,1,5,2,1,2,5,1,1,3,1,4,1,2,1,3,5,1,5,6,2,7,3,6,1,4,1,7,4,The study is underpaying .lt took longer than 8 minutes.
284,0,31021,5f3287b83428cb05746e2214,Joy,5,36,Woman,Undegraduate degree (BA/BSc/other),African,I currently do not feel any emotion,4,1,1,5,1,2,1,3,1,5,5,3,5,4,1,5,1,1,1,1,1,6,2,7,3,6,1,4,1,7,4,The study is underpaying .lt took longer than 8 minutes.
285,0,6154,5f3287b83428cb05746e2214,Boredom,3,36,Woman,Undegraduate degree (BA/BSc/other),African,I currently do not feel any emotion,1,1,4,1,5,5,1,3,3,1,1,1,2,1,4,1,1,1,5,1,1,6,2,7,3,6,1,4,1,7,4,The study is underpaying .lt took longer than 8 minutes.
286,0,6290,5f3287b83428cb05746e2214,Anger,5,36,Woman,Undegraduate degree (BA/BSc/other),African,I currently do not feel any emotion,1,1,1,1,5,1,1,1,1,1,1,1,1,5,1,1,5,2,1,1,1,6,2,7,3,6,1,4,1,7,4,The study is underpaying .lt took longer than 8 minutes.
287,0,41759,5f3287b83428cb05746e2214,Relief,3,36,Woman,Undegraduate degree (BA/BSc/other),African,I currently do not feel any emotion,1,5,3,1,5,1,1,1,5,2,1,5,2,5,1,1,1,1,5,4,1,6,2,7,3,6,1,4,1,7,4,The study is underpaying .lt took longer than 8 minutes.
288,0,781,6658d27edd60f6a0b5dcb504,Joy,5,39,Woman,Undegraduate degree (BA/BSc/other),Other,Joy,3,2,2,5,1,4,5,4,4,4,5,3,5,5,4,3,2,1,5,1,2,3,5,6,2,6,6,7,1,6,2,
289,0,51591,6658d27edd60f6a0b5dcb504,Pride,5,39,Woman,Undegraduate degree (BA/BSc/other),Other,Joy,1,4,4,5,1,5,1,4,3,4,5,3,5,5,5,5,1,1,5,1,4,3,5,6,2,6,6,7,1,6,2,
290,0,41844,6658d27edd60f6a0b5dcb504,Trust,5,39,Woman,Undegraduate degree (BA/BSc/other),Other,Joy,1,4,2,5,1,5,2,5,3,4,5,2,5,3,1,5,1,1,5,1,4,3,5,6,2,6,6,7,1,6,2,
291,0,52441,6658d27edd60f6a0b5dcb504,Joy,5,39,Woman,Undegraduate degree (BA/BSc/other),Other,Joy,1,5,1,5,1,3,1,1,5,1,3,1,1,5,1,1,1,1,3,1,1,3,5,6,2,6,6,7,1,6,2,
292,0,51263,6658d27edd60f6a0b5dcb504,Joy,5,39,Woman,Undegraduate degree (BA/BSc/other),Other,Joy,5,4,3,5,1,5,3,5,1,4,5,2,4,4,1,4,1,1,4,1,4,3,5,6,2,6,6,7,1,6,2,
293,0,5603,6776b2710d3333ab0e43df5f,Anger,2,28,Gender Variant / Non-Conforming / Non-binary,Graduate degree (MA/MSc/MPhil/other),European,I currently do not feel any emotion,3,3,1,1,5,2,1,1,5,1,2,5,3,5,1,2,5,4,2,2,2,1,3,6,4,4,7,5,2,4,6,
294,0,31207,6776b2710d3333ab0e43df5f,Relief,2,28,Gender Variant / Non-Conforming / Non-binary,Graduate degree (MA/MSc/MPhil/other),European,I currently do not feel any emotion,2,2,3,5,1,4,1,2,5,3,4,1,3,4,1,3,1,1,1,1,1,1,3,6,4,4,7,5,2,4,6,
295,0,6192,6776b2710d3333ab0e43df5f,Boredom,1,28,Gender Variant / Non-Conforming / Non-binary,Graduate degree (MA/MSc/MPhil/other),European,I currently do not feel any emotion,2,3,3,1,5,2,1,4,1,1,1,1,1,3,1,3,1,4,1,2,1,1,3,6,4,4,7,5,2,4,6,
296,0,21,6776b2710d3333ab0e43df5f,Surprise,3,28,Gender Variant / Non-Conforming / Non-binary,Graduate degree (MA/MSc/MPhil/other),European,I currently do not feel any emotion,1,5,1,3,3,1,1,1,5,1,1,1,1,5,1,3,1,1,1,1,1,1,3,6,4,4,7,5,2,4,6,
297,0,51592,6776b2710d3333ab0e43df5f,Pride,1,28,Gender Variant / Non-Conforming / Non-binary,Graduate degree (MA/MSc/MPhil/other),European,I currently do not feel any emotion,1,5,2,5,1,4,1,4,5,2,3,1,1,5,1,2,1,1,1,1,1,1,3,6,4,4,7,5,2,4,6,
298,0,521,675e06422af6e9cb4bcbd459,Anger,4,35,Man,High School,European,Pride,4,2,3,2,4,3,2,3,5,4,1,3,4,5,2,4,4,1,3,4,3,5,3,5,4,6,4,6,2,5,2,
299,0,3546,675e06422af6e9cb4bcbd459,Pride,5,35,Man,High School,European,Pride,3,2,4,5,1,3,4,5,5,4,5,2,4,4,4,3,1,1,4,1,3,5,3,5,4,6,4,6,2,5,2,
300,0,429,675e06422af6e9cb4bcbd459,Anger,5,35,Man,High School,European,Pride,2,5,4,1,5,4,4,2,5,5,2,5,4,5,3,3,4,4,5,4,4,5,3,5,4,6,4,6,2,5,2,
301,0,52627,675e06422af6e9cb4bcbd459,Fear,5,35,Man,High School,European,Pride,3,4,3,1,5,4,4,2,4,3,1,3,4,3,4,3,4,2,4,4,3,5,3,5,4,6,4,6,2,5,2,
302,0,2158,675e06422af6e9cb4bcbd459,Relief,5,35,Man,High School,European,Pride,3,4,4,4,2,4,3,5,3,4,3,2,4,4,3,4,2,1,4,2,3,5,3,5,4,6,4,6,2,5,2,
303,0,52046,67d7f32ddbf87a58a3ff5be8,Fear,1,52,Woman,Undegraduate degree (BA/BSc/other),European,Fear,1,3,2,1,5,3,4,4,1,4,2,4,2,4,4,3,3,2,4,4,5,2,3,6,6,3,6,6,2,4,6,Interesting survey
304,0,6423,67d7f32ddbf87a58a3ff5be8,Joy,1,52,Woman,Undegraduate degree (BA/BSc/other),European,Fear,3,1,3,4,2,2,2,4,2,2,4,2,2,5,5,3,2,1,1,1,1,2,3,6,6,3,6,6,2,4,6,Interesting survey
305,0,6716,67d7f32ddbf87a58a3ff5be8,Pride,1,52,Woman,Undegraduate degree (BA/BSc/other),European,Fear,1,1,5,1,5,1,1,1,5,4,2,4,3,4,1,1,2,1,5,3,5,2,3,6,6,3,6,6,2,4,6,Interesting survey
306,0,52866,67d7f32ddbf87a58a3ff5be8,Sadness,1,52,Woman,Undegraduate degree (BA/BSc/other),European,Fear,5,2,5,2,4,4,2,4,4,4,5,5,2,4,4,5,4,2,4,4,3,2,3,6,6,3,6,6,2,4,6,Interesting survey
307,0,4780,67d7f32ddbf87a58a3ff5be8,Joy,1,52,Woman,Undegraduate degree (BA/BSc/other),European,Fear,1,1,5,5,1,5,4,4,4,4,5,3,5,5,1,5,1,1,3,1,3,2,3,6,6,3,6,6,2,4,6,Interesting survey
308,0,5524,6760549abba4d747ab270c17,Anger,4,28,Woman,Undegraduate degree (BA/BSc/other),European,Boredom,1,2,2,1,4,2,1,1,5,1,3,3,2,5,1,2,4,3,2,2,4,3,4,3,6,3,6,6,3,3,2,
309,0,3143,6760549abba4d747ab270c17,Boredom,4,28,Woman,Undegraduate degree (BA/BSc/other),European,Boredom,5,1,5,5,1,2,1,5,1,5,5,1,5,1,1,1,1,1,2,1,2,3,4,3,6,3,6,6,3,3,2,
310,0,4594,6760549abba4d747ab270c17,Sadness,3,28,Woman,Undegraduate degree (BA/BSc/other),European,Boredom,1,4,2,1,5,1,1,3,3,1,1,2,3,3,2,2,3,2,3,1,4,3,4,3,6,3,6,6,3,3,2,
311,0,6879,6760549abba4d747ab270c17,Anger,4,28,Woman,Undegraduate degree (BA/BSc/other),European,Boredom,1,5,1,1,5,1,1,1,3,1,4,4,2,5,1,2,4,1,3,1,3,3,4,3,6,3,6,6,3,3,2,
312,0,7179,6760549abba4d747ab270c17,Sadness,5,28,Woman,Undegraduate degree (BA/BSc/other),European,Boredom,5,1,3,1,5,1,2,2,3,1,2,1,2,4,1,1,2,1,3,1,3,3,4,3,6,3,6,6,3,3,2,
313,0,51883,67700724f07c694ad429287a,Joy,1,32,Woman,Graduate degree (MA/MSc/MPhil/other),African,Joy,5,1,5,5,1,5,1,3,3,5,5,5,1,3,1,3,1,1,1,1,1,7,1,7,1,7,7,7,1,7,1,None
314,0,559,67700724f07c694ad429287a,Sadness,5,32,Woman,Graduate degree (MA/MSc/MPhil/other),African,Joy,5,3,5,1,5,5,5,1,1,5,5,1,5,1,5,5,5,3,1,1,5,7,1,7,1,7,7,7,1,7,1,None
315,0,89,67700724f07c694ad429287a,Relief,3,32,Woman,Graduate degree (MA/MSc/MPhil/other),African,Joy,5,5,5,3,1,3,1,5,1,1,3,1,1,1,1,5,5,1,5,4,3,7,1,7,1,7,7,7,1,7,1,None
316,0,52895,67700724f07c694ad429287a,Joy,1,32,Woman,Graduate degree (MA/MSc/MPhil/other),African,Joy,1,5,1,5,1,1,3,5,5,1,5,1,5,1,1,1,5,1,1,1,1,7,1,7,1,7,7,7,1,7,1,None
317,0,3519,67700724f07c694ad429287a,Pride,2,32,Woman,Graduate degree (MA/MSc/MPhil/other),African,Joy,5,5,3,5,1,3,3,3,1,1,3,1,5,1,1,1,1,1,5,1,5,7,1,7,1,7,7,7,1,7,1,None
318,0,99,6163f8a826c9b98b20139416,Sadness,2,57,Man,Secondary Eductation,European,Boredom,3,1,4,2,4,4,2,5,1,2,2,1,1,1,1,3,3,1,3,2,2,1,4,6,5,4,7,5,1,3,5,
319,0,41287,6163f8a826c9b98b20139416,Boredom,3,57,Man,Secondary Eductation,European,Boredom,3,1,4,2,4,2,1,3,1,4,2,2,1,1,1,2,1,1,4,4,4,1,4,6,5,4,7,5,1,3,5,
320,0,4117,6163f8a826c9b98b20139416,Surprise,4,57,Man,Secondary Eductation,European,Boredom,2,1,4,2,4,2,1,4,2,2,3,1,3,1,1,4,2,1,4,2,4,1,4,6,5,4,7,5,1,3,5,
321,0,6135,6163f8a826c9b98b20139416,Boredom,4,57,Man,Secondary Eductation,European,Boredom,2,2,4,2,4,1,1,1,4,4,1,1,1,4,1,4,1,1,4,2,1,1,4,6,5,4,7,5,1,3,5,
322,0,41260,6163f8a826c9b98b20139416,Relief,4,57,Man,Secondary Eductation,European,Boredom,3,1,3,3,3,4,1,3,3,4,4,1,4,4,1,4,2,1,3,4,4,1,4,6,5,4,7,5,1,3,5,
323,0,6204,5c4594514fe4f800016ea070,Sadness,5,30,Woman,High School,European,Boredom,1,4,1,1,5,4,3,1,1,2,2,3,2,1,3,4,1,1,4,3,4,3,3,5,4,4,6,6,3,5,5,
324,0,4649,5c4594514fe4f800016ea070,Joy,3,30,Woman,High School,European,Boredom,3,2,4,4,1,3,2,5,2,2,3,3,4,2,2,3,1,4,2,1,3,3,3,5,4,4,6,6,3,5,5,
325,0,4609,5c4594514fe4f800016ea070,Fear,5,30,Woman,High School,European,Boredom,1,5,1,1,5,3,4,3,5,4,1,4,2,4,2,3,4,4,5,3,4,3,3,5,4,4,6,6,3,5,5,
326,0,3423,5c4594514fe4f800016ea070,Fear,5,30,Woman,High School,European,Boredom,1,5,1,1,5,4,2,1,5,4,1,4,1,5,4,4,5,5,3,5,5,3,3,5,4,4,6,6,3,5,5,
327,0,825,5c4594514fe4f800016ea070,Pride,4,30,Woman,High School,European,Boredom,1,1,3,4,2,4,1,5,4,4,4,2,4,3,2,5,2,1,4,2,4,3,3,5,4,4,6,6,3,5,5,
328,0,51287,5c3476a2f5ebd50001841284,Pride,5,43,Man,Graduate degree (MA/MSc/MPhil/other),European,I currently do not feel any emotion,1,1,4,5,1,4,1,5,1,4,5,1,5,1,1,1,1,1,4,1,4,3,2,7,4,5,7,4,1,6,1,
329,0,2228,5c3476a2f5ebd50001841284,Pride,4,43,Man,Graduate degree (MA/MSc/MPhil/other),European,I currently do not feel any emotion,4,2,4,4,1,3,1,5,1,5,4,5,5,1,1,1,1,1,5,1,4,3,2,7,4,5,7,4,1,6,1,
330,0,51835,5c3476a2f5ebd50001841284,Fear,4,43,Man,Graduate degree (MA/MSc/MPhil/other),European,I currently do not feel any emotion,4,1,4,1,5,5,1,1,5,4,1,3,3,5,1,4,5,5,5,5,4,3,2,7,4,5,7,4,1,6,1,
331,0,51139,5c3476a2f5ebd50001841284,Joy,5,43,Man,Graduate degree (MA/MSc/MPhil/other),European,I currently do not feel any emotion,5,1,5,5,1,3,1,5,1,4,5,1,5,1,1,3,1,1,3,1,2,3,2,7,4,5,7,4,1,6,1,
332,0,454,5c3476a2f5ebd50001841284,Anger,5,43,Man,Graduate degree (MA/MSc/MPhil/other),European,I currently do not feel any emotion,5,1,5,1,5,4,1,3,4,4,1,2,4,4,1,3,4,1,2,2,4,3,2,7,4,5,7,4,1,6,1,
333,0,26,5eb463628b63a22bad15771c,Shame,3,46,Woman,Doctorate degree (PhD/other),African,Sadness,3,4,3,2,4,2,1,4,4,2,2,3,3,2,3,4,4,2,3,4,1,5,6,6,4,3,4,6,2,5,2,
334,0,41299,5eb463628b63a22bad15771c,Relief,4,46,Woman,Doctorate degree (PhD/other),African,Sadness,4,2,3,4,2,4,2,4,2,4,4,2,4,2,1,4,2,2,4,2,3,5,6,6,4,3,4,6,2,5,2,
335,0,468,5eb463628b63a22bad15771c,Disgust,4,46,Woman,Doctorate degree (PhD/other),African,Sadness,2,4,2,1,3,3,1,2,5,3,2,3,2,5,1,4,4,3,2,3,2,5,6,6,4,3,4,6,2,5,2,
336,0,5936,5eb463628b63a22bad15771c,Fear,4,46,Woman,Doctorate degree (PhD/other),African,Sadness,3,2,3,2,4,3,1,4,2,3,3,4,4,2,1,4,2,2,4,3,3,5,6,6,4,3,4,6,2,5,2,
337,0,5210,5eb463628b63a22bad15771c,Sadness,4,46,Woman,Doctorate degree (PhD/other),African,Sadness,3,4,3,2,4,4,2,3,3,3,2,3,4,4,1,4,4,2,3,3,2,5,6,6,4,3,4,6,2,5,2,
338,0,31180,66b732e2824f3862c1739187,Sadness,4,47,Man,Secondary Eductation,European,Relief,1,1,4,2,4,4,1,2,4,4,2,5,5,2,4,1,5,2,5,2,2,4,5,6,3,6,3,7,2,5,6,
339,0,3514,66b732e2824f3862c1739187,Anger,5,47,Man,Secondary Eductation,European,Relief,4,5,5,1,5,5,3,1,5,2,1,1,2,5,5,4,5,5,1,5,5,4,5,6,3,6,3,7,2,5,6,
340,0,3923,66b732e2824f3862c1739187,Relief,5,47,Man,Secondary Eductation,European,Relief,3,2,4,5,1,4,2,3,3,4,5,3,4,2,3,4,1,1,3,1,4,4,5,6,3,6,3,7,2,5,6,
341,0,41830,66b732e2824f3862c1739187,Surprise,5,47,Man,Secondary Eductation,European,Relief,5,4,2,5,1,3,4,4,4,1,5,5,4,4,5,4,1,1,5,1,5,4,5,6,3,6,3,7,2,5,6,
342,0,5575,66b732e2824f3862c1739187,Disgust,5,47,Man,Secondary Eductation,European,Relief,1,2,4,1,5,5,4,1,5,3,1,5,1,4,4,2,5,5,4,1,5,4,5,6,3,6,3,7,2,5,6,
343,0,4842,63d0260e307282309d31e2d1,Joy,2,34,Gender Variant / Non-Conforming / Non-binary,Undegraduate degree (BA/BSc/other),Australian/New Zealander,Boredom,3,1,2,5,1,3,1,4,3,3,4,1,4,2,3,4,1,1,4,1,1,1,3,3,5,5,6,6,6,5,1,
344,0,6337,63d0260e307282309d31e2d1,Fear,3,34,Gender Variant / Non-Conforming / Non-binary,Undegraduate degree (BA/BSc/other),Australian/New Zealander,Boredom,1,1,3,2,3,1,1,4,3,3,3,1,3,3,1,4,1,1,1,1,3,1,3,3,5,5,6,6,6,5,1,
345,0,5556,63d0260e307282309d31e2d1,Disgust,3,34,Gender Variant / Non-Conforming / Non-binary,Undegraduate degree (BA/BSc/other),Australian/New Zealander,Boredom,1,1,2,1,4,1,1,1,5,3,1,3,3,4,1,3,4,3,3,2,3,1,3,3,5,5,6,6,6,5,1,
346,0,41343,63d0260e307282309d31e2d1,Pride,1,34,Gender Variant / Non-Conforming / Non-binary,Undegraduate degree (BA/BSc/other),Australian/New Zealander,Boredom,2,1,4,5,1,4,1,5,3,3,5,1,3,4,1,5,1,1,4,1,2,1,3,3,5,5,6,6,6,5,1,
347,0,51922,63d0260e307282309d31e2d1,Pride,2,34,Gender Variant / Non-Conforming / Non-binary,Undegraduate degree (BA/BSc/other),Australian/New Zealander,Boredom,1,1,3,4,1,4,1,3,4,4,4,3,2,3,1,4,1,1,2,1,1,1,3,3,5,5,6,6,6,5,1,
348,0,7143,674dc32400f538862eb27f89,Sadness,5,30,Man,Undegraduate degree (BA/BSc/other),African,Joy,3,3,5,1,5,4,3,2,1,2,2,4,4,2,2,4,4,1,4,2,5,4,1,6,1,7,5,7,1,7,2,nil
349,0,3964,674dc32400f538862eb27f89,Relief,5,30,Man,Undegraduate degree (BA/BSc/other),African,Joy,5,2,1,5,1,3,1,5,1,1,2,4,1,5,4,2,1,4,2,1,1,4,1,6,1,7,5,7,1,7,2,nil
350,0,31177,674dc32400f538862eb27f89,Surprise,4,30,Man,Undegraduate degree (BA/BSc/other),African,Joy,5,5,1,2,4,2,4,4,1,1,3,3,3,1,1,1,4,3,4,1,2,4,1,6,1,7,5,7,1,7,2,nil
351,0,4692,674dc32400f538862eb27f89,Pride,4,30,Man,Undegraduate degree (BA/BSc/other),African,Joy,4,1,3,4,1,1,1,5,2,2,1,1,5,1,1,3,2,5,2,1,1,4,1,6,1,7,5,7,1,7,2,nil
352,0,41251,674dc32400f538862eb27f89,Pride,4,30,Man,Undegraduate degree (BA/BSc/other),African,Joy,5,1,3,5,1,5,1,5,1,5,5,3,5,1,1,2,1,1,2,1,5,4,1,6,1,7,5,7,1,7,2,nil
353,0,31338,6501b49d77b34a7d818d0330,Joy,1,28,Woman,Undegraduate degree (BA/BSc/other),North American,Fear,4,3,4,5,1,4,1,2,5,4,5,4,4,5,3,1,2,1,4,1,3,3,7,4,7,4,7,6,1,2,1,
354,0,52458,6501b49d77b34a7d818d0330,Relief,1,28,Woman,Undegraduate degree (BA/BSc/other),North American,Fear,3,1,1,5,1,3,3,4,1,2,3,2,3,4,3,3,3,1,4,1,3,3,7,4,7,4,7,6,1,2,1,
355,0,5546,6501b49d77b34a7d818d0330,Anger,1,28,Woman,Undegraduate degree (BA/BSc/other),North American,Fear,4,4,2,1,5,2,3,1,5,2,1,2,1,4,5,3,3,3,4,4,3,3,7,4,7,4,7,6,1,2,1,
356,0,41548,6501b49d77b34a7d818d0330,Shame,1,28,Woman,Undegraduate degree (BA/BSc/other),North American,Fear,5,1,4,1,5,5,1,5,1,5,1,2,5,3,1,4,3,3,4,5,4,3,7,4,7,4,7,6,1,2,1,
357,0,51577,6501b49d77b34a7d818d0330,Surprise,3,28,Woman,Undegraduate degree (BA/BSc/other),North American,Fear,5,2,4,3,3,3,3,4,1,3,3,3,3,3,3,3,3,1,4,3,4,3,7,4,7,4,7,6,1,2,1,
358,0,3467,67d196aeb72fd8545faef63a,Fear,5,45,Man,Undegraduate degree (BA/BSc/other),Other,Joy,4,4,3,3,4,4,4,3,4,4,2,4,3,4,4,5,3,4,2,4,4,5,2,5,4,7,5,6,2,5,2,
359,0,4814,67d196aeb72fd8545faef63a,Relief,5,45,Man,Undegraduate degree (BA/BSc/other),Other,Joy,3,4,4,3,4,4,3,4,5,4,4,3,4,4,4,3,4,4,4,3,4,5,2,5,4,7,5,6,2,5,2,
360,0,52338,67d196aeb72fd8545faef63a,Guilt,3,45,Man,Undegraduate degree (BA/BSc/other),Other,Joy,3,4,4,5,4,4,3,4,3,4,5,5,4,3,4,4,5,4,3,4,3,5,2,5,4,7,5,6,2,5,2,
361,0,6407,67d196aeb72fd8545faef63a,Surprise,4,45,Man,Undegraduate degree (BA/BSc/other),Other,Joy,3,4,4,5,3,3,4,5,4,3,4,3,5,4,3,4,5,4,5,3,5,5,2,5,4,7,5,6,2,5,2,
362,0,553,673333f751db5adf81499f5d,Anger,5,55,Woman,Graduate degree (MA/MSc/MPhil/other),East Asian,Relief,5,4,4,4,4,5,3,5,4,5,4,4,3,5,5,5,4,5,5,4,5,7,4,7,2,7,6,6,2,6,6,None
363,0,52827,673333f751db5adf81499f5d,Surprise,4,55,Woman,Graduate degree (MA/MSc/MPhil/other),East Asian,Relief,5,4,4,5,4,4,5,4,5,4,5,4,4,4,5,4,5,4,4,5,4,7,4,7,2,7,6,6,2,6,6,None
364,0,6804,673333f751db5adf81499f5d,Sadness,5,55,Woman,Graduate degree (MA/MSc/MPhil/other),East Asian,Relief,4,5,4,3,4,4,4,4,5,5,4,4,4,3,5,4,4,5,4,5,3,7,4,7,2,7,6,6,2,6,6,None
365,0,51801,673333f751db5adf81499f5d,Joy,5,55,Woman,Graduate degree (MA/MSc/MPhil/other),East Asian,Relief,5,4,4,4,3,4,5,4,5,3,5,4,5,4,5,4,4,5,4,4,4,7,4,7,2,7,6,6,2,6,6,None
366,0,7200,673333f751db5adf81499f5d,Surprise,5,55,Woman,Graduate degree (MA/MSc/MPhil/other),East Asian,Relief,5,4,4,5,4,4,4,5,5,5,4,4,5,4,5,4,5,5,5,3,5,7,4,7,2,7,6,6,2,6,6,None
367,0,41581,6023cb37c452c802d4092a35,Guilt,4,33,Man,High School,African,Relief,2,3,3,1,5,4,4,5,3,3,1,5,5,3,2,4,3,3,4,3,5,5,1,6,1,7,3,6,1,6,1,
368,0,52718,6023cb37c452c802d4092a35,Sadness,3,33,Man,High School,African,Relief,3,4,3,1,5,3,5,1,1,2,4,4,3,4,3,4,4,3,4,3,4,5,1,6,1,7,3,6,1,6,1,
369,0,51915,6023cb37c452c802d4092a35,Trust,4,33,Man,High School,African,Relief,5,1,5,3,3,4,3,4,4,5,4,1,2,4,5,3,2,1,3,3,3,5,1,6,1,7,3,6,1,6,1,
370,0,3618,6023cb37c452c802d4092a35,Joy,5,33,Man,High School,African,Relief,3,3,3,5,1,5,2,5,5,4,5,4,4,4,2,5,1,1,5,3,4,5,1,6,1,7,3,6,1,6,1,
371,0,51949,6023cb37c452c802d4092a35,Relief,5,33,Man,High School,African,Relief,1,1,3,2,4,1,3,3,3,2,2,4,3,4,3,3,4,2,4,4,3,5,1,6,1,7,3,6,1,6,1,
372,0,52378,673f361cb1d555345330ff1b,Shame,5,39,Woman,Undegraduate degree (BA/BSc/other),African,I currently do not feel any emotion,2,5,1,1,5,5,4,3,1,2,1,5,3,2,4,4,5,4,5,5,5,2,4,3,5,6,6,7,4,4,3,
373,0,6224,673f361cb1d555345330ff1b,Disgust,3,39,Woman,Undegraduate degree (BA/BSc/other),African,I currently do not feel any emotion,3,1,4,1,5,5,1,1,5,4,1,2,1,5,2,5,5,4,3,3,4,2,4,3,5,6,6,7,4,4,3,
374,0,548,673f361cb1d555345330ff1b,Sadness,5,39,Woman,Undegraduate degree (BA/BSc/other),African,I currently do not feel any emotion,1,2,1,1,5,2,1,1,5,1,1,3,1,5,1,3,3,1,3,2,3,2,4,3,5,6,6,7,4,4,3,
375,0,4821,673f361cb1d555345330ff1b,Pride,4,39,Woman,Undegraduate degree (BA/BSc/other),African,I currently do not feel any emotion,2,2,2,5,1,4,4,5,1,2,5,1,4,1,2,5,1,1,3,1,2,2,4,3,5,6,6,7,4,4,3,
376,0,5684,673f361cb1d555345330ff1b,Anger,5,39,Woman,Undegraduate degree (BA/BSc/other),African,I currently do not feel any emotion,1,3,1,1,5,4,1,1,5,3,1,5,1,5,1,2,5,1,5,2,5,2,4,3,5,6,6,7,4,4,3,
377,0,41128,677ef0198fc5d8193c009e35,Pride,1,39,Woman,Undegraduate degree (BA/BSc/other),Other,I currently do not feel any emotion,5,1,5,5,1,5,1,5,1,4,4,1,5,4,1,1,1,1,4,1,3,4,2,6,5,5,7,7,1,6,4,
378,0,41600,677ef0198fc5d8193c009e35,Anger,3,39,Woman,Undegraduate degree (BA/BSc/other),Other,I currently do not feel any emotion,2,3,3,1,5,1,1,5,5,5,2,1,1,5,1,5,5,1,1,2,1,4,2,6,5,5,7,7,1,6,4,
379,0,5639,677ef0198fc5d8193c009e35,Disgust,4,39,Woman,Undegraduate degree (BA/BSc/other),Other,I currently do not feel any emotion,4,5,2,1,5,1,1,1,5,2,1,4,1,5,1,2,3,4,1,2,1,4,2,6,5,5,7,7,1,6,4,
380,0,51285,677ef0198fc5d8193c009e35,Joy,2,39,Woman,Undegraduate degree (BA/BSc/other),Other,I currently do not feel any emotion,1,3,2,5,1,5,3,4,4,3,3,1,3,3,2,2,1,1,1,1,1,4,2,6,5,5,7,7,1,6,4,
381,0,3975,677ef0198fc5d8193c009e35,Relief,3,39,Woman,Undegraduate degree (BA/BSc/other),Other,I currently do not feel any emotion,1,3,2,5,1,5,1,5,1,2,3,1,1,4,1,5,1,1,1,1,1,4,2,6,5,5,7,7,1,6,4,
382,0,2180,6762aa77348d5c937fbefeca,Sadness,1,44,Woman,Graduate degree (MA/MSc/MPhil/other),European,Joy,1,1,5,1,5,5,1,5,1,5,5,3,3,5,1,5,5,1,5,5,5,2,1,7,1,7,7,7,1,7,1,All was good.
383,0,5810,6762aa77348d5c937fbefeca,Guilt,1,44,Woman,Graduate degree (MA/MSc/MPhil/other),European,Joy,1,5,1,1,5,1,3,5,1,3,1,5,1,5,5,5,5,5,5,5,5,2,1,7,1,7,7,7,1,7,1,All was good.
384,0,51694,6762aa77348d5c937fbefeca,Joy,1,44,Woman,Graduate degree (MA/MSc/MPhil/other),European,Joy,5,5,1,1,5,5,1,1,1,1,5,5,5,5,5,5,3,1,5,3,5,2,1,7,1,7,7,7,1,7,1,All was good.
385,0,51687,6762aa77348d5c937fbefeca,Pride,1,44,Woman,Graduate degree (MA/MSc/MPhil/other),European,Joy,5,1,5,5,1,5,3,5,5,5,5,5,5,5,1,1,1,1,5,1,3,2,1,7,1,7,7,7,1,7,1,All was good.
386,0,5298,6762aa77348d5c937fbefeca,Anger,1,44,Woman,Graduate degree (MA/MSc/MPhil/other),European,Joy,1,1,1,1,5,5,1,1,5,1,1,3,1,5,1,1,5,1,5,5,5,2,1,7,1,7,7,7,1,7,1,All was good.
387,0,41225,67771f29d2aa386a73c31c44,Relief,3,19,Man,High School,European,I currently do not feel any emotion,1,4,1,1,5,4,3,1,5,1,2,4,1,4,4,4,2,5,4,3,3,1,3,4,7,5,7,6,5,2,4,
388,0,363,67771f29d2aa386a73c31c44,Shame,4,19,Man,High School,European,I currently do not feel any emotion,4,2,4,1,5,2,1,1,5,3,1,3,3,5,1,4,4,3,1,5,2,1,3,4,7,5,7,6,5,2,4,
389,0,41621,67771f29d2aa386a73c31c44,Surprise,4,19,Man,High School,European,I currently do not feel any emotion,1,4,1,2,4,1,1,1,5,2,1,2,1,5,1,4,4,2,2,2,3,1,3,4,7,5,7,6,5,2,4,
390,0,3586,67771f29d2aa386a73c31c44,Joy,3,19,Man,High School,European,I currently do not feel any emotion,1,1,5,5,1,4,1,5,3,5,5,4,4,3,1,5,1,1,4,1,3,1,3,4,7,5,7,6,5,2,4,
391,0,52444,67771f29d2aa386a73c31c44,Joy,3,19,Man,High School,European,I currently do not feel any emotion,2,3,2,5,2,4,1,4,4,3,3,2,4,4,1,4,1,1,3,1,2,1,3,4,7,5,7,6,5,2,4,
392,0,52857,6779528466d9838b9329c97b,Relief,3,55,Woman,Graduate degree (MA/MSc/MPhil/other),African,Fear,3,3,3,3,1,5,4,4,1,4,3,3,3,4,3,3,3,3,3,5,4,7,1,7,2,7,7,7,1,7,1,Amazing study 
393,0,52015,6779528466d9838b9329c97b,Relief,1,55,Woman,Graduate degree (MA/MSc/MPhil/other),African,Fear,3,3,2,5,1,5,1,3,3,3,5,5,3,3,2,2,2,2,2,2,3,7,1,7,2,7,7,7,1,7,1,Amazing study 
394,0,52373,6779528466d9838b9329c97b,Sadness,1,55,Woman,Graduate degree (MA/MSc/MPhil/other),African,Fear,2,2,2,1,5,3,3,3,1,2,4,2,2,1,1,2,5,1,2,2,3,7,1,7,2,7,7,7,1,7,1,Amazing study 
395,0,52420,6779528466d9838b9329c97b,Surprise,1,55,Woman,Graduate degree (MA/MSc/MPhil/other),African,Fear,1,5,1,5,1,3,3,3,1,3,3,1,2,1,1,2,1,1,1,2,2,7,1,7,2,7,7,7,1,7,1,Amazing study 
396,0,7147,6779528466d9838b9329c97b,Disgust,1,55,Woman,Graduate degree (MA/MSc/MPhil/other),African,Fear,1,5,1,1,5,3,3,1,3,3,1,3,3,1,3,3,3,4,3,3,3,7,1,7,2,7,7,7,1,7,1,Amazing study 
397,0,52116,5f7f93d23baaf8161cd10edd,Anger,2,26,Man,Undegraduate degree (BA/BSc/other),European,Sadness,4,1,5,1,5,2,2,1,5,4,1,2,3,4,2,4,2,1,4,3,3,2,5,3,6,5,5,6,7,2,1,
398,0,61021,5f7f93d23baaf8161cd10edd,Sadness,1,26,Man,Undegraduate degree (BA/BSc/other),European,Sadness,2,4,3,1,5,5,2,1,5,2,4,2,1,5,1,3,5,1,4,2,4,2,5,3,6,5,5,6,7,2,1,
399,0,51053,5f7f93d23baaf8161cd10edd,Shame,2,26,Man,Undegraduate degree (BA/BSc/other),European,Sadness,2,3,4,1,5,4,4,2,3,3,1,2,4,2,2,5,4,2,3,3,4,2,5,3,6,5,5,6,7,2,1,
400,0,4408,5f7f93d23baaf8161cd10edd,Anger,1,26,Man,Undegraduate degree (BA/BSc/other),European,Sadness,4,4,2,1,5,2,1,2,5,4,1,5,4,5,1,4,5,3,5,3,5,2,5,3,6,5,5,6,7,2,1,
401,0,3836,5f7f93d23baaf8161cd10edd,Pride,1,26,Man,Undegraduate degree (BA/BSc/other),European,Sadness,4,2,3,5,1,2,1,4,3,4,5,2,2,3,1,5,1,1,3,1,3,2,5,3,6,5,5,6,7,2,1,
402,0,51023,60f5df9db9380d875c320307,Guilt,5,60,Man,Graduate degree (MA/MSc/MPhil/other),European,Trust,2,4,1,1,5,4,4,4,1,2,1,5,3,1,2,2,5,4,4,4,3,2,1,7,2,5,6,7,1,7,4,
403,0,51957,60f5df9db9380d875c320307,Joy,5,60,Man,Graduate degree (MA/MSc/MPhil/other),European,Trust,3,1,2,4,1,5,2,2,5,5,5,4,2,5,5,2,3,1,5,1,3,2,1,7,2,5,6,7,1,7,4,
404,0,720,60f5df9db9380d875c320307,Fear,3,60,Man,Graduate degree (MA/MSc/MPhil/other),European,Trust,4,4,4,1,5,4,3,3,5,5,1,4,1,5,5,4,3,3,4,5,4,2,1,7,2,5,6,7,1,7,4,
405,0,5568,60f5df9db9380d875c320307,Anger,4,60,Man,Graduate degree (MA/MSc/MPhil/other),European,Trust,4,5,2,1,5,5,4,3,5,5,1,3,1,4,5,2,5,5,4,1,5,2,1,7,2,5,6,7,1,7,4,
406,0,52571,60f5df9db9380d875c320307,Joy,4,60,Man,Graduate degree (MA/MSc/MPhil/other),European,Trust,5,3,4,5,1,4,4,4,4,5,5,3,4,4,4,2,1,1,3,1,3,2,1,7,2,5,6,7,1,7,4,
407,0,52578,6731b77af6e8e00a06ffa7ee,Joy,5,38,Man,Graduate degree (MA/MSc/MPhil/other),African,Joy,2,1,4,5,1,5,2,4,4,5,4,5,4,4,4,4,1,1,5,2,4,3,3,6,3,6,5,5,2,6,6,I enjoyed reading about the scenarios. It was an interesting survey.
408,0,41857,6731b77af6e8e00a06ffa7ee,Joy,5,38,Man,Graduate degree (MA/MSc/MPhil/other),African,Joy,2,4,4,2,4,5,2,5,2,4,4,2,5,4,4,5,4,1,5,1,4,3,3,6,3,6,5,5,2,6,6,I enjoyed reading about the scenarios. It was an interesting survey.
409,0,3926,6731b77af6e8e00a06ffa7ee,Pride,4,38,Man,Graduate degree (MA/MSc/MPhil/other),African,Joy,4,1,4,4,1,5,4,2,2,4,4,1,2,5,2,5,4,1,5,2,5,3,3,6,3,6,5,5,2,6,6,I enjoyed reading about the scenarios. It was an interesting survey.
410,0,2213,6731b77af6e8e00a06ffa7ee,Fear,4,38,Man,Graduate degree (MA/MSc/MPhil/other),African,Joy,5,4,2,3,5,5,2,2,4,2,2,4,4,4,3,4,4,4,4,4,4,3,3,6,3,6,5,5,2,6,6,I enjoyed reading about the scenarios. It was an interesting survey.
411,0,5753,6731b77af6e8e00a06ffa7ee,Sadness,4,38,Man,Graduate degree (MA/MSc/MPhil/other),African,Joy,4,4,4,1,5,4,4,2,4,5,4,2,5,5,2,4,2,2,4,4,4,3,3,6,3,6,5,5,2,6,6,I enjoyed reading about the scenarios. It was an interesting survey.
412,0,52784,5e92178e8ee4fe54b65b7c39,Relief,4,30,Man,Undegraduate degree (BA/BSc/other),North American,Relief,3,2,3,5,2,3,2,3,5,2,3,2,2,5,4,2,2,1,4,2,3,3,5,4,3,6,6,5,4,6,2,it was a bit repetitive but it didn't take so long so it was fine.
413,0,74,5e92178e8ee4fe54b65b7c39,Boredom,3,30,Man,Undegraduate degree (BA/BSc/other),North American,Relief,2,4,1,1,5,1,5,1,4,1,1,1,1,5,5,3,2,2,2,2,2,3,5,4,3,6,6,5,4,6,2,it was a bit repetitive but it didn't take so long so it was fine.
414,0,5149,5e92178e8ee4fe54b65b7c39,Anger,3,30,Man,Undegraduate degree (BA/BSc/other),North American,Relief,3,3,3,1,5,3,1,3,3,3,3,3,3,3,2,3,5,2,3,3,3,3,5,4,3,6,6,5,4,6,2,it was a bit repetitive but it didn't take so long so it was fine.
415,0,51227,5e92178e8ee4fe54b65b7c39,Joy,4,30,Man,Undegraduate degree (BA/BSc/other),North American,Relief,3,3,3,5,1,3,2,3,4,3,4,3,4,4,1,2,1,1,2,1,2,3,5,4,3,6,6,5,4,6,2,it was a bit repetitive but it didn't take so long so it was fine.
416,0,510,5e92178e8ee4fe54b65b7c39,Anger,2,30,Man,Undegraduate degree (BA/BSc/other),North American,Relief,2,4,3,2,4,3,1,1,5,3,2,3,2,5,1,2,3,2,3,2,3,3,5,4,3,6,6,5,4,6,2,it was a bit repetitive but it didn't take so long so it was fine.
417,0,51807,67503a75cf7e45a9b5ac0be5,Relief,4,24,Woman,Undegraduate degree (BA/BSc/other),African,Relief,4,1,4,5,1,5,3,4,1,4,5,5,5,2,2,4,1,1,5,2,5,6,1,7,1,7,6,6,1,7,1,This is an amazing study 
418,0,4636,67503a75cf7e45a9b5ac0be5,Anger,5,24,Woman,Undegraduate degree (BA/BSc/other),African,Relief,1,5,1,1,5,1,3,1,5,1,5,5,1,5,5,1,5,5,1,5,5,6,1,7,1,7,6,6,1,7,1,This is an amazing study 
419,0,5254,67503a75cf7e45a9b5ac0be5,Pride,5,24,Woman,Undegraduate degree (BA/BSc/other),African,Relief,5,1,5,5,1,5,5,5,2,5,5,5,5,5,1,3,1,1,5,1,5,6,1,7,1,7,6,6,1,7,1,This is an amazing study 
420,0,4592,67503a75cf7e45a9b5ac0be5,Fear,5,24,Woman,Undegraduate degree (BA/BSc/other),African,Relief,1,5,3,1,5,3,5,5,3,4,2,3,3,5,5,3,3,4,4,3,4,6,1,7,1,7,6,6,1,7,1,This is an amazing study 
421,0,52739,67503a75cf7e45a9b5ac0be5,Pride,5,24,Woman,Undegraduate degree (BA/BSc/other),African,Relief,5,2,5,5,1,5,5,5,1,5,5,5,5,1,1,1,1,1,5,1,5,6,1,7,1,7,6,6,1,7,1,This is an amazing study 
422,0,31154,673f4f8fa5b4a47492e30aea,Shame,4,38,Man,Undegraduate degree (BA/BSc/other),African,I currently do not feel any emotion,3,3,1,5,4,4,4,3,3,5,4,3,4,2,4,3,2,4,3,4,4,6,1,6,1,6,6,5,1,5,4,
423,0,5247,673f4f8fa5b4a47492e30aea,Pride,4,38,Man,Undegraduate degree (BA/BSc/other),African,I currently do not feel any emotion,3,3,3,4,1,4,3,5,4,3,3,5,5,2,3,3,4,3,3,4,4,6,1,6,1,6,6,5,1,5,4,
424,0,41835,673f4f8fa5b4a47492e30aea,Relief,4,38,Man,Undegraduate degree (BA/BSc/other),African,I currently do not feel any emotion,3,2,3,4,2,3,4,4,5,4,3,4,3,2,4,2,1,3,3,3,4,6,1,6,1,6,6,5,1,5,4,
425,0,5130,673f4f8fa5b4a47492e30aea,Anger,4,38,Man,Undegraduate degree (BA/BSc/other),African,I currently do not feel any emotion,4,2,3,3,4,4,3,3,3,4,4,4,2,3,4,3,2,5,3,4,3,6,1,6,1,6,6,5,1,5,4,
426,0,52132,673f4f8fa5b4a47492e30aea,Shame,3,38,Man,Undegraduate degree (BA/BSc/other),African,I currently do not feel any emotion,5,3,5,4,4,4,4,3,4,3,4,4,2,4,4,2,2,4,4,2,4,6,1,6,1,6,6,5,1,5,4,
427,0,52520,67044749c28abfd636ceedf0,Joy,5,40,Gender Variant / Non-Conforming / Non-binary,High School,North American,I currently do not feel any emotion,2,3,2,5,1,4,4,2,1,4,5,3,2,3,2,4,1,1,2,1,2,4,2,4,6,5,3,6,5,2,6,
428,0,31285,67044749c28abfd636ceedf0,Surprise,4,40,Gender Variant / Non-Conforming / Non-binary,High School,North American,I currently do not feel any emotion,4,3,1,5,1,2,1,3,4,1,3,3,2,5,1,4,1,1,2,1,2,4,2,4,6,5,3,6,5,2,6,
429,0,4571,67044749c28abfd636ceedf0,Shame,4,40,Gender Variant / Non-Conforming / Non-binary,High School,North American,I currently do not feel any emotion,2,3,1,1,5,3,1,1,5,3,1,3,1,5,1,2,5,5,3,3,4,4,2,4,6,5,3,6,5,2,6,
430,0,3272,67044749c28abfd636ceedf0,Sadness,4,40,Gender Variant / Non-Conforming / Non-binary,High School,North American,I currently do not feel any emotion,2,4,1,1,5,3,1,1,5,3,1,4,1,5,1,2,5,2,5,1,4,4,2,4,6,5,3,6,5,2,6,
431,0,41415,67044749c28abfd636ceedf0,Sadness,5,40,Gender Variant / Non-Conforming / Non-binary,High School,North American,I currently do not feel any emotion,3,5,2,1,5,4,1,2,4,2,1,4,1,5,1,3,3,1,4,4,5,4,2,4,6,5,3,6,5,2,6,
432,0,31179,67861bf68c49aac1082f8d57,Pride,4,39,Man,Graduate degree (MA/MSc/MPhil/other),African,Relief,4,2,5,4,2,4,3,4,1,5,5,4,2,1,1,4,2,5,5,1,4,4,1,1,2,5,6,6,1,6,5,
433,0,52596,67861bf68c49aac1082f8d57,Surprise,4,39,Man,Graduate degree (MA/MSc/MPhil/other),African,Relief,5,4,4,4,3,4,4,2,2,5,4,3,3,3,5,2,4,4,4,2,5,4,1,1,2,5,6,6,1,6,5,
434,0,41583,67861bf68c49aac1082f8d57,Relief,4,39,Man,Graduate degree (MA/MSc/MPhil/other),African,Relief,3,4,2,2,3,2,2,2,5,3,5,2,4,3,3,3,5,4,5,1,4,4,1,1,2,5,6,6,1,6,5,
435,0,51598,67861bf68c49aac1082f8d57,Joy,5,39,Man,Graduate degree (MA/MSc/MPhil/other),African,Relief,4,1,5,3,2,4,5,5,5,4,5,3,5,4,4,4,2,5,5,5,5,4,1,1,2,5,6,6,1,6,5,
436,0,3211,67861bf68c49aac1082f8d57,Anger,5,39,Man,Graduate degree (MA/MSc/MPhil/other),African,Relief,5,1,5,1,3,5,4,4,4,4,5,4,4,3,5,4,4,3,2,4,4,4,1,1,2,5,6,6,1,6,5,
437,0,5130,67325f3027fe70d48ad4f71b,Sadness,3,27,Man,Graduate degree (MA/MSc/MPhil/other),African,Relief,3,4,4,2,4,4,3,3,4,4,2,4,2,4,3,2,4,4,4,4,3,6,3,6,2,5,3,6,2,6,2,
438,0,52716,67325f3027fe70d48ad4f71b,Relief,4,27,Man,Graduate degree (MA/MSc/MPhil/other),African,Relief,4,2,4,4,2,4,2,4,4,4,4,4,4,2,2,3,2,2,4,2,4,6,3,6,2,5,3,6,2,6,2,
439,0,5920,67325f3027fe70d48ad4f71b,Anger,4,27,Man,Graduate degree (MA/MSc/MPhil/other),African,Relief,2,4,4,1,5,3,2,4,4,2,4,4,4,4,2,4,4,4,4,4,4,6,3,6,2,5,3,6,2,6,2,
440,0,7179,67325f3027fe70d48ad4f71b,Fear,4,27,Man,Graduate degree (MA/MSc/MPhil/other),African,Relief,4,4,4,1,5,4,4,4,4,4,2,4,2,4,4,4,5,4,4,4,4,6,3,6,2,5,3,6,2,6,2,
441,0,4510,67325f3027fe70d48ad4f71b,Sadness,4,27,Man,Graduate degree (MA/MSc/MPhil/other),African,Relief,2,4,2,1,5,4,2,2,4,3,2,4,4,4,2,4,4,4,4,5,4,6,3,6,2,5,3,6,2,6,2,
442,0,52004,60c33f3e6706eca45e689ea4,Relief,3,37,Woman,Doctorate degree (PhD/other),European,Sadness,5,4,2,4,1,2,5,3,3,2,3,5,3,5,2,4,1,1,4,1,3,2,6,6,5,2,5,5,2,2,5,
443,0,52827,60c33f3e6706eca45e689ea4,Trust,2,37,Woman,Doctorate degree (PhD/other),European,Sadness,2,2,2,3,4,5,2,3,5,5,3,1,3,5,1,4,4,4,4,4,3,2,6,6,5,2,5,5,2,2,5,
444,0,51687,60c33f3e6706eca45e689ea4,Pride,3,37,Woman,Doctorate degree (PhD/other),European,Sadness,4,2,5,4,1,2,2,3,4,3,2,2,3,4,2,2,1,1,2,1,3,2,6,6,5,2,5,5,2,2,5,
445,0,61094,60c33f3e6706eca45e689ea4,Fear,4,37,Woman,Doctorate degree (PhD/other),European,Sadness,1,3,4,2,4,5,3,3,4,3,2,1,3,5,2,3,1,1,4,2,5,2,6,6,5,2,5,5,2,2,5,
446,0,5105,60c33f3e6706eca45e689ea4,Sadness,3,37,Woman,Doctorate degree (PhD/other),European,Sadness,3,2,2,1,4,3,2,1,5,2,1,3,3,5,1,3,4,4,5,4,3,2,6,6,5,2,5,5,2,2,5,
447,0,4475,6790e4091651fd43b263386d,Anger,4,41,Woman,Doctorate degree (PhD/other),African,Boredom,2,3,3,1,5,3,2,1,4,3,2,3,3,2,2,2,4,2,4,4,4,5,2,6,2,7,7,2,1,7,1,The experience was okay.
448,0,41225,6790e4091651fd43b263386d,Joy,3,41,Woman,Doctorate degree (PhD/other),African,Boredom,1,5,1,1,4,4,4,2,4,2,4,4,5,2,2,2,2,2,2,2,4,5,2,6,2,7,7,2,1,7,1,The experience was okay.
449,0,52827,6790e4091651fd43b263386d,Relief,5,41,Woman,Doctorate degree (PhD/other),African,Boredom,3,2,2,2,4,3,1,1,4,3,4,4,4,4,4,4,4,4,4,2,3,5,2,6,2,7,7,2,1,7,1,The experience was okay.
450,0,548,6790e4091651fd43b263386d,Sadness,5,41,Woman,Doctorate degree (PhD/other),African,Boredom,2,4,2,1,5,3,4,2,4,3,1,2,3,2,2,3,3,2,2,3,3,5,2,6,2,7,7,2,1,7,1,The experience was okay.
451,0,678,6790e4091651fd43b263386d,Sadness,5,41,Woman,Doctorate degree (PhD/other),African,Boredom,3,3,2,2,4,3,2,2,1,2,3,2,3,1,2,3,1,1,3,3,4,5,2,6,2,7,7,2,1,7,1,The experience was okay.
452,0,6161,5fd6303361f8c14cb485a447,Pride,4,29,Woman,Undegraduate degree (BA/BSc/other),African,I currently do not feel any emotion,5,1,1,4,1,1,1,1,1,4,4,1,5,3,1,3,1,1,1,1,1,4,2,4,2,7,3,5,3,6,1,
453,0,3923,5fd6303361f8c14cb485a447,Joy,5,29,Woman,Undegraduate degree (BA/BSc/other),African,I currently do not feel any emotion,1,1,1,5,1,5,1,1,1,5,5,1,3,5,1,1,1,1,1,1,1,4,2,4,2,7,3,5,3,6,1,
454,0,2180,5fd6303361f8c14cb485a447,Sadness,5,29,Woman,Undegraduate degree (BA/BSc/other),African,I currently do not feel any emotion,1,1,1,1,5,5,1,3,1,5,5,2,5,1,1,4,1,1,1,2,3,4,2,4,2,7,3,5,3,6,1,
455,0,52046,5fd6303361f8c14cb485a447,Fear,5,29,Woman,Undegraduate degree (BA/BSc/other),African,I currently do not feel any emotion,1,5,1,1,5,1,1,1,5,5,1,5,1,5,1,1,3,2,5,5,5,4,2,4,2,7,3,5,3,6,1,
456,0,51687,5fd6303361f8c14cb485a447,Pride,5,29,Woman,Undegraduate degree (BA/BSc/other),African,I currently do not feel any emotion,2,1,2,5,1,3,1,5,3,1,3,1,2,1,1,1,1,1,3,1,1,4,2,4,2,7,3,5,3,6,1,
457,0,4649,67c71b35f5c6e583749ffde3,Surprise,3,32,Woman,Graduate degree (MA/MSc/MPhil/other),South Asian,Joy,2,4,3,2,4,3,4,2,3,3,3,4,2,3,3,3,4,4,4,2,2,3,4,6,6,6,6,7,3,4,4,A bit more details about the scenario would help to evaluate and provide answers to these questions
458,0,52004,67c71b35f5c6e583749ffde3,Relief,3,32,Woman,Graduate degree (MA/MSc/MPhil/other),South Asian,Joy,3,2,2,4,2,4,4,3,2,4,4,4,3,4,2,3,2,2,3,2,2,3,4,6,6,6,6,7,3,4,4,A bit more details about the scenario would help to evaluate and provide answers to these questions
459,0,5955,67c71b35f5c6e583749ffde3,Fear,3,32,Woman,Graduate degree (MA/MSc/MPhil/other),South Asian,Joy,3,4,2,1,4,3,4,4,3,3,2,4,3,3,4,4,3,2,4,3,4,3,4,6,6,6,6,7,3,4,4,A bit more details about the scenario would help to evaluate and provide answers to these questions
460,0,6110,67c71b35f5c6e583749ffde3,Sadness,3,32,Woman,Graduate degree (MA/MSc/MPhil/other),South Asian,Joy,4,2,4,2,4,2,2,4,2,4,2,3,2,2,3,3,2,2,2,2,3,3,4,6,6,6,6,7,3,4,4,A bit more details about the scenario would help to evaluate and provide answers to these questions
461,0,4170,67c71b35f5c6e583749ffde3,Boredom,3,32,Woman,Graduate degree (MA/MSc/MPhil/other),South Asian,Joy,2,2,2,2,2,2,3,3,2,2,3,2,3,2,3,3,2,2,3,2,2,3,4,6,6,6,6,7,3,4,4,A bit more details about the scenario would help to evaluate and provide answers to these questions
462,0,51591,664644138e5743a320b474c9,Sadness,3,37,Gender Variant / Non-Conforming / Non-binary,Undegraduate degree (BA/BSc/other),European,Shame,2,1,1,1,3,5,5,2,2,3,3,3,4,4,4,1,1,1,4,2,2,5,2,7,5,7,6,7,3,5,1,"was hard to change my answrs: when i selected an answer, changed my mind, and selected another answerr, it jumped by to my initial selection"
463,0,51577,664644138e5743a320b474c9,Pride,3,37,Gender Variant / Non-Conforming / Non-binary,Undegraduate degree (BA/BSc/other),European,Shame,1,4,5,4,1,5,1,5,1,4,5,2,4,4,3,5,1,1,4,1,2,5,2,7,5,7,6,7,3,5,1,"was hard to change my answrs: when i selected an answer, changed my mind, and selected another answerr, it jumped by to my initial selection"
464,0,3605,664644138e5743a320b474c9,Surprise,3,37,Gender Variant / Non-Conforming / Non-binary,Undegraduate degree (BA/BSc/other),European,Shame,4,4,2,4,2,5,3,4,2,4,4,5,2,4,1,3,1,1,4,1,4,5,2,7,5,7,6,7,3,5,1,"was hard to change my answrs: when i selected an answer, changed my mind, and selected another answerr, it jumped by to my initial selection"
465,0,5568,664644138e5743a320b474c9,Shame,3,37,Gender Variant / Non-Conforming / Non-binary,Undegraduate degree (BA/BSc/other),European,Shame,1,5,1,1,5,5,3,2,5,1,1,5,2,5,3,5,4,5,5,5,5,5,2,7,5,7,6,7,3,5,1,"was hard to change my answrs: when i selected an answer, changed my mind, and selected another answerr, it jumped by to my initial selection"
466,0,429,664644138e5743a320b474c9,Anger,5,37,Gender Variant / Non-Conforming / Non-binary,Undegraduate degree (BA/BSc/other),European,Shame,2,5,2,1,5,4,2,4,4,2,1,5,3,3,1,5,5,4,5,2,5,5,2,7,5,7,6,7,3,5,1,"was hard to change my answrs: when i selected an answer, changed my mind, and selected another answerr, it jumped by to my initial selection"
467,0,5920,5ebc929d48fbcd0d5960a44f,Fear,2,26,Man,Undegraduate degree (BA/BSc/other),European,Boredom,2,4,2,1,5,1,5,2,5,1,1,4,4,5,2,5,2,1,4,5,2,5,4,6,4,5,3,7,5,4,4,
468,0,720,5ebc929d48fbcd0d5960a44f,Boredom,5,26,Man,Undegraduate degree (BA/BSc/other),European,Boredom,4,1,4,1,2,4,1,1,5,3,5,1,4,5,1,5,2,1,1,5,1,5,4,6,4,5,3,7,5,4,4,
469,0,52520,5ebc929d48fbcd0d5960a44f,Surprise,5,26,Man,Undegraduate degree (BA/BSc/other),European,Boredom,1,5,1,5,1,1,5,5,5,1,5,1,1,5,1,5,1,1,2,1,2,5,4,6,4,5,3,7,5,4,4,
470,0,5298,5ebc929d48fbcd0d5960a44f,Sadness,4,26,Man,Undegraduate degree (BA/BSc/other),European,Boredom,4,2,4,1,4,2,1,1,5,4,1,1,3,5,1,5,2,1,1,4,1,5,4,6,4,5,3,7,5,4,4,
471,0,6752,5ebc929d48fbcd0d5960a44f,Relief,3,26,Man,Undegraduate degree (BA/BSc/other),European,Boredom,3,1,3,2,2,5,1,5,5,4,3,2,5,5,1,5,1,1,5,1,5,5,4,6,4,5,3,7,5,4,4,
472,0,689,62b1ed7447191a42db49a77f,Sadness,3,53,Woman,Graduate degree (MA/MSc/MPhil/other),European,I currently do not feel any emotion,3,2,4,1,4,2,2,3,4,3,1,2,3,4,1,2,3,2,2,2,2,2,3,4,3,5,6,6,3,5,5,
473,0,4117,62b1ed7447191a42db49a77f,Shame,2,53,Woman,Graduate degree (MA/MSc/MPhil/other),European,I currently do not feel any emotion,2,3,3,1,5,2,1,4,1,3,1,2,3,2,1,2,2,1,3,2,2,2,3,4,3,5,6,6,3,5,5,
474,0,5546,62b1ed7447191a42db49a77f,Sadness,3,53,Woman,Graduate degree (MA/MSc/MPhil/other),European,I currently do not feel any emotion,2,1,3,1,4,2,1,1,5,3,1,2,2,5,3,3,4,3,2,2,2,2,3,4,3,5,6,6,3,5,5,
475,0,5109,62b1ed7447191a42db49a77f,Guilt,3,53,Woman,Graduate degree (MA/MSc/MPhil/other),European,I currently do not feel any emotion,1,3,3,1,5,1,3,3,2,2,1,2,3,1,2,3,2,1,4,2,2,2,3,4,3,5,6,6,3,5,5,
476,0,51285,62b1ed7447191a42db49a77f,Joy,3,53,Woman,Graduate degree (MA/MSc/MPhil/other),European,I currently do not feel any emotion,2,2,2,5,1,4,1,4,4,4,5,3,3,3,2,3,1,1,3,1,3,2,3,4,3,5,6,6,3,5,5,
477,0,52739,5b9e4dc6e671c60001228654,Trust,5,63,Woman,Doctorate degree (PhD/other),European,Sadness,3,1,3,2,2,4,1,4,4,5,4,4,3,5,1,5,1,1,3,1,1,4,2,7,5,7,5,4,1,3,2,Your ethnic categories are bizarre. Australian is not an ethnic group.
478,0,31338,5b9e4dc6e671c60001228654,Joy,1,63,Woman,Doctorate degree (PhD/other),European,Sadness,3,1,3,5,1,5,1,4,4,5,5,3,3,4,1,5,1,1,3,1,1,4,2,7,5,7,5,4,1,3,2,Your ethnic categories are bizarre. Australian is not an ethnic group.
479,0,3272,5b9e4dc6e671c60001228654,Anger,4,63,Woman,Doctorate degree (PhD/other),European,Sadness,1,2,2,1,5,2,1,1,5,3,1,4,2,5,1,1,5,5,5,3,4,4,2,7,5,7,5,4,1,3,2,Your ethnic categories are bizarre. Australian is not an ethnic group.
480,0,5130,5b9e4dc6e671c60001228654,Surprise,4,63,Woman,Doctorate degree (PhD/other),European,Sadness,2,3,2,1,5,4,1,1,5,3,1,2,1,5,1,3,4,4,4,3,2,4,2,7,5,7,5,4,1,3,2,Your ethnic categories are bizarre. Australian is not an ethnic group.
481,0,525,5b9e4dc6e671c60001228654,Anger,4,63,Woman,Doctorate degree (PhD/other),European,Sadness,3,5,3,1,5,2,1,1,5,3,1,4,2,5,1,3,5,5,3,3,2,4,2,7,5,7,5,4,1,3,2,Your ethnic categories are bizarre. Australian is not an ethnic group.
482,0,41600,5f3469ea5b08c23936eedd26,Anger,4,28,Man,Doctorate degree (PhD/other),European,Boredom,2,3,4,2,4,5,1,1,5,5,1,3,1,5,1,1,5,4,4,1,4,5,5,6,5,4,2,3,2,4,3,
483,0,6954,5f3469ea5b08c23936eedd26,Joy,5,28,Man,Doctorate degree (PhD/other),European,Boredom,3,5,3,5,1,4,3,4,3,3,3,3,4,4,1,4,1,4,4,2,4,5,5,6,5,4,2,3,2,4,3,
484,0,6315,5f3469ea5b08c23936eedd26,Sadness,5,28,Man,Doctorate degree (PhD/other),European,Boredom,4,1,4,1,5,4,4,4,4,4,1,2,2,3,2,4,3,3,4,2,4,5,5,6,5,4,2,3,2,4,3,
485,0,2228,5f3469ea5b08c23936eedd26,Joy,4,28,Man,Doctorate degree (PhD/other),European,Boredom,4,4,4,4,1,3,3,3,1,4,4,4,4,1,4,4,1,1,4,1,4,5,5,6,5,4,2,3,2,4,3,
486,0,2158,5f3469ea5b08c23936eedd26,Relief,5,28,Man,Doctorate degree (PhD/other),European,Boredom,1,4,2,3,3,4,4,4,2,1,1,4,2,1,1,4,2,1,4,1,4,5,5,6,5,4,2,3,2,4,3,
487,0,6804,6728cca9354c22a939055cea,Relief,4,67,Man,High School,European,I currently do not feel any emotion,1,3,2,1,5,2,2,3,1,1,1,3,3,4,1,2,3,1,1,3,3,3,3,4,2,4,5,6,2,4,4,Answered as best as I could but felt there were some emotional words missing.
488,0,41251,6728cca9354c22a939055cea,Pride,4,67,Man,High School,European,I currently do not feel any emotion,2,1,3,4,1,5,2,5,2,4,5,3,4,3,1,4,1,1,3,1,3,3,3,4,2,4,5,6,2,4,4,Answered as best as I could but felt there were some emotional words missing.
489,0,272,6728cca9354c22a939055cea,Fear,3,67,Man,High School,European,I currently do not feel any emotion,1,1,4,3,3,4,1,5,4,4,4,3,3,4,2,4,1,1,3,2,3,3,3,4,2,4,5,6,2,4,4,Answered as best as I could but felt there were some emotional words missing.
490,0,6204,6728cca9354c22a939055cea,Fear,4,67,Man,High School,European,I currently do not feel any emotion,1,4,2,1,5,4,4,3,2,2,3,3,2,5,3,3,1,1,4,4,3,3,3,4,2,4,5,6,2,4,4,Answered as best as I could but felt there were some emotional words missing.
491,0,52584,6728cca9354c22a939055cea,Pride,4,67,Man,High School,European,I currently do not feel any emotion,3,3,3,5,2,4,1,4,5,4,4,3,4,4,1,3,1,1,5,1,4,3,3,4,2,4,5,6,2,4,4,Answered as best as I could but felt there were some emotional words missing.
492,0,52866,6745be7c7934cf8479d730fa,Joy,5,28,Man,Undegraduate degree (BA/BSc/other),African,Joy,4,1,4,3,4,3,3,4,4,1,5,5,4,4,4,4,4,4,4,4,4,6,1,5,1,6,3,6,1,6,1,no comment
493,0,521,6745be7c7934cf8479d730fa,Fear,4,28,Man,Undegraduate degree (BA/BSc/other),African,Joy,1,5,3,3,4,1,3,3,4,3,3,3,3,3,3,4,4,4,5,3,4,6,1,5,1,6,3,6,1,6,1,no comment
494,0,52373,6745be7c7934cf8479d730fa,Shame,3,28,Man,Undegraduate degree (BA/BSc/other),African,Joy,4,3,4,3,3,4,4,4,4,4,3,4,4,4,3,3,4,4,4,4,4,6,1,5,1,6,3,6,1,6,1,no comment
495,0,3538,6745be7c7934cf8479d730fa,Relief,5,28,Man,Undegraduate degree (BA/BSc/other),African,Joy,1,4,3,4,4,3,4,4,4,4,3,4,4,4,4,4,4,4,3,4,4,6,1,5,1,6,3,6,1,6,1,no comment
496,0,553,67476c0fe4349588feb5d909,Boredom,4,24,Man,Undegraduate degree (BA/BSc/other),European,Joy,2,4,1,1,5,4,4,2,4,3,4,4,1,1,4,3,1,4,4,2,4,4,1,6,1,7,6,5,1,6,1,No Comment
497,0,6729,67476c0fe4349588feb5d909,Relief,4,24,Man,Undegraduate degree (BA/BSc/other),European,Joy,4,1,3,5,1,5,4,1,5,2,4,1,2,4,4,1,1,1,5,1,2,4,1,6,1,7,6,5,1,6,1,No Comment
498,0,51595,67476c0fe4349588feb5d909,Surprise,3,24,Man,Undegraduate degree (BA/BSc/other),European,Joy,4,1,3,5,1,5,1,4,2,4,5,2,3,1,1,4,1,2,4,1,2,4,1,6,1,7,6,5,1,6,1,No Comment
499,0,5603,67476c0fe4349588feb5d909,Anger,4,24,Man,Undegraduate degree (BA/BSc/other),European,Joy,3,5,1,1,5,3,1,1,5,1,1,5,5,5,1,1,5,5,5,1,5,4,1,6,1,7,6,5,1,6,1,No Comment
500,0,510,67476c0fe4349588feb5d909,Sadness,3,24,Man,Undegraduate degree (BA/BSc/other),European,Joy,3,4,3,2,4,5,1,1,3,3,3,2,1,5,1,4,1,1,2,1,2,4,1,6,1,7,6,5,1,6,1,No Comment
501,0,31285,598b108e504c5200011964a1,Joy,1,39,Woman,Undegraduate degree (BA/BSc/other),Hispanic/Latino,Joy,3,5,1,5,1,5,5,5,5,1,5,5,3,5,1,5,1,1,5,1,5,6,2,6,3,7,5,5,3,5,1,"I had mentioned it in another study, but adding ""Don't know"" instead of ""moderate"" would really make my decisions easier, and also you should make it clear if we're allowed to choose 2 and 4 as intermediate points (more/less agree/disagree), or just 1,3, and 5. "
502,0,6320,598b108e504c5200011964a1,Fear,2,39,Woman,Undegraduate degree (BA/BSc/other),Hispanic/Latino,Joy,1,5,3,1,5,5,3,5,3,3,1,5,5,3,3,3,5,5,5,5,5,6,2,6,3,7,5,5,3,5,1,"I had mentioned it in another study, but adding ""Don't know"" instead of ""moderate"" would really make my decisions easier, and also you should make it clear if we're allowed to choose 2 and 4 as intermediate points (more/less agree/disagree), or just 1,3, and 5. "
503,0,3519,598b108e504c5200011964a1,Pride,3,39,Woman,Undegraduate degree (BA/BSc/other),Hispanic/Latino,Joy,5,5,3,3,3,5,5,5,1,3,3,5,5,3,5,5,3,1,5,3,3,6,2,6,3,7,5,5,3,5,1,"I had mentioned it in another study, but adding ""Don't know"" instead of ""moderate"" would really make my decisions easier, and also you should make it clear if we're allowed to choose 2 and 4 as intermediate points (more/less agree/disagree), or just 1,3, and 5. "
504,0,51287,598b108e504c5200011964a1,Pride,1,39,Woman,Undegraduate degree (BA/BSc/other),Hispanic/Latino,Joy,1,1,5,5,1,5,1,5,3,5,5,5,5,3,3,5,1,1,5,1,5,6,2,6,3,7,5,5,3,5,1,"I had mentioned it in another study, but adding ""Don't know"" instead of ""moderate"" would really make my decisions easier, and also you should make it clear if we're allowed to choose 2 and 4 as intermediate points (more/less agree/disagree), or just 1,3, and 5. "
505,0,52895,598b108e504c5200011964a1,Surprise,2,39,Woman,Undegraduate degree (BA/BSc/other),Hispanic/Latino,Joy,1,5,3,5,1,5,5,1,5,3,3,5,1,5,1,5,1,1,5,1,3,6,2,6,3,7,5,5,3,5,1,"I had mentioned it in another study, but adding ""Don't know"" instead of ""moderate"" would really make my decisions easier, and also you should make it clear if we're allowed to choose 2 and 4 as intermediate points (more/less agree/disagree), or just 1,3, and 5. "
506,0,51153,6725e7b41fcf010acfb50097,Joy,5,28,Man,Graduate degree (MA/MSc/MPhil/other),African,Sadness,5,1,4,5,1,3,2,5,1,4,5,4,5,3,4,3,4,4,5,3,5,7,4,7,6,7,7,6,1,7,1,It was an interesting survey
507,0,3618,6725e7b41fcf010acfb50097,Joy,5,28,Man,Graduate degree (MA/MSc/MPhil/other),African,Sadness,4,5,4,5,1,4,5,3,1,4,4,5,3,1,2,4,1,2,4,4,4,7,4,7,6,7,7,6,1,7,1,It was an interesting survey
508,0,41311,6725e7b41fcf010acfb50097,Anger,5,28,Man,Graduate degree (MA/MSc/MPhil/other),African,Sadness,1,5,1,1,5,3,5,2,5,2,5,1,1,5,4,2,3,1,5,5,5,7,4,7,6,7,7,6,1,7,1,It was an interesting survey
509,0,52579,6725e7b41fcf010acfb50097,Surprise,5,28,Man,Graduate degree (MA/MSc/MPhil/other),African,Sadness,1,5,1,3,3,4,5,1,1,1,3,5,1,1,5,3,4,1,5,4,5,7,4,7,6,7,7,6,1,7,1,It was an interesting survey
510,0,52784,6725e7b41fcf010acfb50097,Relief,5,28,Man,Graduate degree (MA/MSc/MPhil/other),African,Sadness,5,2,5,3,5,4,4,5,5,4,4,5,5,5,4,3,5,4,3,4,5,7,4,7,6,7,7,6,1,7,1,It was an interesting survey
511,0,51227,65b3bb760a64193de1614004,Pride,5,29,Man,High School,European,Joy,1,2,3,5,1,4,2,5,4,4,5,3,3,3,3,2,1,1,3,2,3,5,5,6,2,5,4,4,1,4,4,
512,0,52116,65b3bb760a64193de1614004,Anger,4,29,Man,High School,European,Joy,4,2,4,1,5,2,2,3,5,5,1,3,2,5,4,3,3,2,5,5,5,5,5,6,2,5,4,4,1,4,4,
513,0,31177,65b3bb760a64193de1614004,Shame,3,29,Man,High School,European,Joy,1,4,2,1,2,4,5,4,1,1,1,5,4,1,1,4,4,3,5,4,2,5,5,6,2,5,4,4,1,4,4,
514,0,3117,65b3bb760a64193de1614004,Anger,5,29,Man,High School,European,Joy,1,5,1,1,5,3,2,2,5,3,2,5,2,5,1,4,4,4,4,5,3,5,5,6,2,5,4,4,1,4,4,
515,0,5684,65b3bb760a64193de1614004,Disgust,5,29,Man,High School,European,Joy,3,4,4,1,5,3,1,3,5,4,2,4,3,5,4,2,5,5,4,5,5,5,5,6,2,5,4,4,1,4,4,
516,0,363,5999b8c16c165e000113fb59,Shame,2,33,Woman,Undegraduate degree (BA/BSc/other),European,Boredom,5,3,4,1,5,2,1,1,5,3,2,3,1,5,1,2,5,1,3,5,3,3,1,6,4,3,5,7,3,5,5,
517,0,41128,5999b8c16c165e000113fb59,Pride,1,33,Woman,Undegraduate degree (BA/BSc/other),European,Boredom,3,2,4,5,1,5,1,5,4,3,5,3,2,5,1,4,1,1,5,1,5,3,1,6,4,3,5,7,3,5,5,
518,0,7160,5999b8c16c165e000113fb59,Shame,3,33,Woman,Undegraduate degree (BA/BSc/other),European,Boredom,2,2,1,1,5,3,3,3,3,1,1,3,2,3,2,1,5,1,5,5,5,3,1,6,4,3,5,7,3,5,5,
519,0,6290,5999b8c16c165e000113fb59,Anger,1,33,Woman,Undegraduate degree (BA/BSc/other),European,Boredom,1,4,1,1,5,1,1,1,5,1,1,4,3,5,1,3,5,5,5,5,4,3,1,6,4,3,5,7,3,5,5,
520,0,41871,5999b8c16c165e000113fb59,Trust,2,33,Woman,Undegraduate degree (BA/BSc/other),European,Boredom,3,1,2,1,4,5,1,4,4,1,4,3,5,5,1,3,4,3,5,3,4,3,1,6,4,3,5,7,3,5,5,
521,0,51240,66b288cf788b139df178ce5e,Surprise,4,31,Woman,Undegraduate degree (BA/BSc/other),European,Boredom,3,4,3,3,3,4,4,5,4,3,3,3,3,2,1,3,3,1,5,2,4,4,4,5,6,6,3,7,6,5,3,
522,0,51263,66b288cf788b139df178ce5e,Joy,4,31,Woman,Undegraduate degree (BA/BSc/other),European,Boredom,2,1,3,4,2,5,2,5,4,2,3,4,4,5,4,3,1,1,5,1,4,4,4,5,6,6,3,7,6,5,3,
523,0,51883,66b288cf788b139df178ce5e,Pride,5,31,Woman,Undegraduate degree (BA/BSc/other),European,Boredom,3,2,3,5,1,5,1,5,3,3,5,5,5,4,3,4,1,1,5,1,4,4,4,5,6,6,3,7,6,5,3,
524,0,4814,66b288cf788b139df178ce5e,Relief,4,31,Woman,Undegraduate degree (BA/BSc/other),European,Boredom,3,2,4,5,1,4,1,5,2,4,5,3,4,3,3,5,1,1,3,1,3,4,4,5,6,6,3,7,6,5,3,
525,0,41415,66b288cf788b139df178ce5e,Sadness,4,31,Woman,Undegraduate degree (BA/BSc/other),European,Boredom,2,5,4,1,5,4,3,3,3,3,1,5,2,4,2,2,3,2,5,3,4,4,4,5,6,6,3,7,6,5,3,
526,0,6235,6007421356226920359b5f3e,Sadness,4,33,Man,Undegraduate degree (BA/BSc/other),European,I currently do not feel any emotion,1,4,2,1,5,1,5,2,1,1,1,2,2,1,3,2,4,2,3,5,2,3,5,5,5,5,6,4,3,5,2,no issues
527,0,51915,6007421356226920359b5f3e,Boredom,2,33,Man,Undegraduate degree (BA/BSc/other),European,I currently do not feel any emotion,5,1,5,2,2,1,1,1,5,4,3,1,2,4,1,1,1,1,2,1,1,3,5,5,5,5,6,4,3,5,2,no issues
528,0,5753,6007421356226920359b5f3e,Shame,4,33,Man,Undegraduate degree (BA/BSc/other),European,I currently do not feel any emotion,3,2,3,1,5,4,2,3,3,4,1,3,3,3,2,3,5,2,4,3,4,3,5,5,5,5,6,4,3,5,2,no issues
529,0,3923,6007421356226920359b5f3e,Relief,4,33,Man,Undegraduate degree (BA/BSc/other),European,I currently do not feel any emotion,4,2,4,4,1,5,1,5,2,5,4,2,4,2,1,3,2,1,4,1,4,3,5,5,5,5,6,4,3,5,2,no issues
530,0,52458,6007421356226920359b5f3e,Joy,5,33,Man,Undegraduate degree (BA/BSc/other),European,I currently do not feel any emotion,2,3,4,5,1,5,1,5,3,3,5,3,4,3,1,2,1,1,4,1,4,3,5,5,5,5,6,4,3,5,2,no issues
531,0,822,5cbbd55510241a0017b81a65,Sadness,4,33,Woman,High School,North American,Boredom,3,3,3,2,5,2,1,4,2,3,3,3,2,4,1,4,4,1,4,3,4,6,1,4,5,7,7,7,5,5,1,
532,0,6836,5cbbd55510241a0017b81a65,Sadness,4,33,Woman,High School,North American,Boredom,3,2,4,1,4,1,1,1,3,3,2,2,3,4,4,2,5,4,4,2,5,6,1,4,5,7,7,7,5,5,1,
533,0,41641,5cbbd55510241a0017b81a65,Surprise,3,33,Woman,High School,North American,Boredom,4,5,4,5,1,4,2,3,5,4,5,3,3,5,1,4,1,1,3,1,1,6,1,4,5,7,7,7,5,5,1,
534,0,41581,5cbbd55510241a0017b81a65,Shame,3,33,Woman,High School,North American,Boredom,2,4,4,1,5,4,1,5,1,5,1,5,3,5,1,5,3,3,4,5,3,6,1,4,5,7,7,7,5,5,1,
535,0,51738,5cbbd55510241a0017b81a65,Pride,5,33,Woman,High School,North American,Boredom,3,1,4,5,2,3,1,2,2,5,5,3,2,5,2,5,2,1,3,1,1,6,1,4,5,7,7,7,5,5,1,
536,0,31154,609fba4900794b6d944da77e,Guilt,1,25,Man,Graduate degree (MA/MSc/MPhil/other),African,I currently do not feel any emotion,1,5,1,1,5,2,1,5,1,1,1,4,5,3,1,1,5,5,5,3,5,3,1,7,1,7,6,7,1,1,4,NOne
537,0,86,609fba4900794b6d944da77e,Guilt,1,25,Man,Graduate degree (MA/MSc/MPhil/other),African,I currently do not feel any emotion,5,5,5,1,5,5,1,5,1,1,1,5,1,1,1,1,3,5,5,3,5,3,1,7,1,7,6,7,1,1,4,NOne
538,0,3639,609fba4900794b6d944da77e,Joy,1,25,Man,Graduate degree (MA/MSc/MPhil/other),African,I currently do not feel any emotion,5,5,5,3,1,5,1,5,1,1,4,5,1,1,1,1,3,5,5,3,5,3,1,7,1,7,6,7,1,1,4,NOne
539,0,52338,609fba4900794b6d944da77e,Shame,1,25,Man,Graduate degree (MA/MSc/MPhil/other),African,I currently do not feel any emotion,3,1,5,1,5,5,1,4,1,1,1,5,3,1,1,3,3,5,3,4,5,3,1,7,1,7,6,7,1,1,4,NOne
540,0,4821,609fba4900794b6d944da77e,Joy,1,25,Man,Graduate degree (MA/MSc/MPhil/other),African,I currently do not feel any emotion,5,1,5,5,1,4,1,5,1,5,5,1,5,1,1,5,1,1,4,1,5,3,1,7,1,7,6,7,1,1,4,NOne
541,0,4337,6760853e178af224e611e496,Disgust,4,39,Man,Undegraduate degree (BA/BSc/other),North American,Boredom,1,4,2,1,5,2,1,1,5,5,2,2,1,5,4,3,5,4,4,4,4,3,6,6,4,7,2,6,1,5,1,
542,0,3211,6760853e178af224e611e496,Anger,4,39,Man,Undegraduate degree (BA/BSc/other),North American,Boredom,3,2,3,1,5,1,4,3,4,4,1,2,1,4,4,3,3,1,5,5,4,3,6,6,4,7,2,6,1,5,1,
543,0,51807,6760853e178af224e611e496,Shame,3,39,Man,Undegraduate degree (BA/BSc/other),North American,Boredom,2,2,2,2,3,3,1,1,4,4,2,1,1,4,2,2,5,1,3,4,3,3,6,6,4,7,2,6,1,5,1,
544,0,52312,6760853e178af224e611e496,Guilt,4,39,Man,Undegraduate degree (BA/BSc/other),North American,Boredom,4,5,4,2,4,3,2,5,4,3,2,2,4,3,2,3,3,2,4,4,4,3,6,6,4,7,2,6,1,5,1,
545,0,2218,6760853e178af224e611e496,Shame,4,39,Man,Undegraduate degree (BA/BSc/other),North American,Boredom,4,2,5,2,5,4,1,5,4,3,3,1,5,4,1,2,4,5,5,2,5,3,6,6,4,7,2,6,1,5,1,
546,0,764,678a982dfa56ccbe238a61a0,Sadness,3,21,Woman,Undegraduate degree (BA/BSc/other),European,Boredom,3,4,2,3,4,4,3,3,3,4,2,3,2,4,3,4,2,4,3,5,3,5,6,7,5,5,6,7,3,5,6,i liked the fact the study was smooth and to the point
547,0,4592,678a982dfa56ccbe238a61a0,Fear,4,21,Woman,Undegraduate degree (BA/BSc/other),European,Boredom,2,3,3,3,2,4,3,5,2,4,3,3,2,4,4,3,2,4,5,4,4,5,6,7,5,5,6,7,3,5,6,i liked the fact the study was smooth and to the point
548,0,52578,678a982dfa56ccbe238a61a0,Joy,4,21,Woman,Undegraduate degree (BA/BSc/other),European,Boredom,3,4,4,4,1,4,5,3,1,4,4,4,3,4,4,3,3,4,5,4,4,5,6,7,5,5,6,7,3,5,6,i liked the fact the study was smooth and to the point
549,0,3964,678a982dfa56ccbe238a61a0,Relief,5,21,Woman,Undegraduate degree (BA/BSc/other),European,Boredom,5,4,4,5,2,4,5,5,4,3,4,4,4,3,4,3,4,3,4,4,4,5,6,7,5,5,6,7,3,5,6,i liked the fact the study was smooth and to the point
550,0,5700,678a982dfa56ccbe238a61a0,Disgust,5,21,Woman,Undegraduate degree (BA/BSc/other),European,Boredom,3,4,4,1,5,4,3,2,5,4,4,4,3,4,5,5,4,5,4,5,4,5,6,7,5,5,6,7,3,5,6,i liked the fact the study was smooth and to the point
551,0,781,5fae19fbde495925ff78fbed,Joy,2,49,Man,High School,African,Pride,1,4,2,5,1,2,5,2,5,1,4,2,4,5,3,5,2,1,4,1,2,2,3,5,2,6,6,7,3,5,2,Maybe you can add a little more detail about the stories and authors you depict. Thanks.
552,0,5810,5fae19fbde495925ff78fbed,Fear,4,49,Man,High School,African,Pride,1,5,1,1,5,5,2,1,4,1,1,5,1,5,2,2,4,5,4,4,4,2,3,5,2,6,6,7,3,5,2,Maybe you can add a little more detail about the stories and authors you depict. Thanks.
553,0,5639,5fae19fbde495925ff78fbed,Disgust,4,49,Man,High School,African,Pride,3,4,3,1,5,3,2,1,5,4,1,3,3,5,2,2,5,3,3,2,2,2,3,5,2,6,6,7,3,5,2,Maybe you can add a little more detail about the stories and authors you depict. Thanks.
554,0,41857,5fae19fbde495925ff78fbed,Trust,2,49,Man,High School,African,Pride,2,3,2,5,1,5,3,4,4,2,5,4,4,5,2,4,1,1,3,1,2,2,3,5,2,6,6,7,3,5,2,Maybe you can add a little more detail about the stories and authors you depict. Thanks.
555,0,678,5fae19fbde495925ff78fbed,Anger,1,49,Man,High School,African,Pride,2,2,4,1,5,5,1,1,4,1,1,5,1,5,2,1,1,2,5,2,5,2,3,5,2,6,6,7,3,5,2,Maybe you can add a little more detail about the stories and authors you depict. Thanks.
556,0,31021,674e85a1ebe4b3645081e71e,Boredom,3,29,Man,Graduate degree (MA/MSc/MPhil/other),African,Relief,4,2,4,3,2,4,4,3,2,4,4,2,4,2,3,4,4,2,4,3,4,5,2,6,2,5,6,7,2,6,3,The study is fun and tasking.
557,0,51882,674e85a1ebe4b3645081e71e,Shame,3,29,Man,Graduate degree (MA/MSc/MPhil/other),African,Relief,4,2,4,2,4,2,3,3,3,4,2,3,2,3,3,4,3,2,4,3,4,5,2,6,2,5,6,7,2,6,3,The study is fun and tasking.
558,0,52596,674e85a1ebe4b3645081e71e,Surprise,2,29,Man,Graduate degree (MA/MSc/MPhil/other),African,Relief,2,5,1,4,2,4,4,3,3,2,4,4,4,3,3,4,1,2,4,1,5,5,2,6,2,5,6,7,2,6,3,The study is fun and tasking.
559,0,3467,674e85a1ebe4b3645081e71e,Joy,2,29,Man,Graduate degree (MA/MSc/MPhil/other),African,Relief,2,2,4,4,2,4,3,3,3,4,4,4,3,3,3,4,2,2,4,2,4,5,2,6,2,5,6,7,2,6,3,The study is fun and tasking.
560,0,454,674e85a1ebe4b3645081e71e,Sadness,1,29,Man,Graduate degree (MA/MSc/MPhil/other),African,Relief,4,2,4,2,4,2,3,3,3,4,2,4,2,3,4,2,4,4,4,4,5,5,2,6,2,5,6,7,2,6,3,The study is fun and tasking.
561,0,6162,60c5ddb2abdfa0b264af5f3d,Pride,5,28,Woman,Graduate degree (MA/MSc/MPhil/other),African,Relief,5,2,3,4,4,4,3,4,3,3,4,5,4,4,3,4,4,4,5,4,4,6,5,7,6,7,7,7,6,7,2,N/A
562,0,4780,60c5ddb2abdfa0b264af5f3d,Trust,5,28,Woman,Graduate degree (MA/MSc/MPhil/other),African,Relief,5,4,4,5,1,4,5,5,2,5,5,5,4,5,4,4,4,1,5,3,5,6,5,7,6,7,7,7,6,7,2,N/A
563,0,51289,60c5ddb2abdfa0b264af5f3d,Sadness,5,28,Woman,Graduate degree (MA/MSc/MPhil/other),African,Relief,2,4,3,1,5,4,4,2,5,1,4,2,4,4,5,4,5,1,5,4,4,6,5,7,6,7,7,7,6,7,2,N/A
564,0,5371,60c5ddb2abdfa0b264af5f3d,Joy,5,28,Woman,Graduate degree (MA/MSc/MPhil/other),African,Relief,4,3,5,5,1,2,5,3,5,3,5,5,5,3,3,5,2,1,5,1,5,6,5,7,6,7,7,7,6,7,2,N/A
565,0,3401,60c5ddb2abdfa0b264af5f3d,Fear,5,28,Woman,Graduate degree (MA/MSc/MPhil/other),African,Relief,2,4,1,1,5,2,5,1,1,1,2,5,5,2,2,2,5,3,5,4,5,6,5,7,6,7,7,7,6,7,2,N/A
566,0,52648,578e9a9bfa4465000113f154,Joy,4,60,Woman,High School,Other,I currently do not feel any emotion,1,2,1,4,1,4,2,2,4,1,4,3,1,4,3,3,1,1,3,1,2,3,3,4,3,3,4,4,2,4,5,The study was interesting and was easy to complete.
567,0,2195,578e9a9bfa4465000113f154,Pride,4,60,Woman,High School,Other,I currently do not feel any emotion,2,1,1,4,1,4,1,5,2,1,5,1,3,2,1,3,4,1,3,2,2,3,3,4,3,3,4,4,2,4,5,The study was interesting and was easy to complete.
568,0,52378,578e9a9bfa4465000113f154,Fear,4,60,Woman,High School,Other,I currently do not feel any emotion,1,5,1,1,5,3,5,3,1,1,1,5,2,4,3,4,5,4,5,5,4,3,3,4,3,3,4,4,2,4,5,The study was interesting and was easy to complete.
569,0,6808,578e9a9bfa4465000113f154,Joy,5,60,Woman,High School,Other,I currently do not feel any emotion,2,4,1,5,1,5,3,3,5,1,2,4,2,5,4,5,4,1,4,1,5,3,3,4,3,3,4,4,2,4,5,The study was interesting and was easy to complete.
570,0,4475,578e9a9bfa4465000113f154,Anger,4,60,Woman,High School,Other,I currently do not feel any emotion,1,5,1,1,5,5,5,4,1,1,4,2,1,5,5,1,4,3,5,5,5,3,3,4,3,3,4,4,2,4,5,The study was interesting and was easy to complete.
571,0,31207,66295f0e9bcde360755403f0,Relief,2,40,Woman,Graduate degree (MA/MSc/MPhil/other),European,Boredom,2,3,3,5,1,4,3,4,4,3,4,3,4,5,1,2,1,1,3,1,1,1,4,6,5,6,7,5,5,5,3,
572,0,51694,66295f0e9bcde360755403f0,Joy,2,40,Woman,Graduate degree (MA/MSc/MPhil/other),European,Boredom,4,5,1,2,4,4,4,1,4,1,2,5,4,4,5,3,1,1,5,2,5,1,4,6,5,6,7,5,5,5,3,
573,0,7179,66295f0e9bcde360755403f0,Sadness,3,40,Woman,Graduate degree (MA/MSc/MPhil/other),European,Boredom,3,4,2,1,5,3,2,3,4,2,1,2,3,5,2,3,4,1,2,3,4,1,4,6,5,6,7,5,5,5,3,
574,0,2129,66295f0e9bcde360755403f0,Pride,2,40,Woman,Graduate degree (MA/MSc/MPhil/other),European,Boredom,4,2,4,5,1,2,3,4,5,3,4,4,4,4,1,3,1,1,3,2,2,1,4,6,5,6,7,5,5,5,3,
575,0,61021,66295f0e9bcde360755403f0,Anger,3,40,Woman,Graduate degree (MA/MSc/MPhil/other),European,Boredom,3,4,2,1,5,4,2,3,4,2,2,3,3,4,2,3,4,1,3,4,3,1,4,6,5,6,7,5,5,5,3,
576,0,89,659c85609b85d977885fb695,Fear,2,33,Woman,High School,North American,Joy,4,3,4,1,5,5,2,3,2,4,1,4,1,5,2,4,4,1,5,4,4,3,2,5,4,4,6,6,2,6,5,
577,0,3423,659c85609b85d977885fb695,Shame,2,33,Woman,High School,North American,Joy,1,5,1,1,5,5,3,1,5,1,1,5,1,5,1,1,5,5,4,5,4,3,2,5,4,4,6,6,2,6,5,
578,0,5454,659c85609b85d977885fb695,Boredom,2,33,Woman,High School,North American,Joy,4,1,4,1,4,2,1,4,1,4,3,4,4,2,1,5,1,1,2,2,1,3,2,5,4,4,6,6,2,6,5,
579,0,52420,659c85609b85d977885fb695,Surprise,1,33,Woman,High School,North American,Joy,3,5,2,4,2,2,4,1,5,4,4,3,1,5,1,4,1,1,2,1,1,3,2,5,4,4,6,6,2,6,5,
580,0,6170,659c85609b85d977885fb695,Boredom,1,33,Woman,High School,North American,Joy,5,2,5,3,3,1,2,4,4,5,4,2,5,2,1,5,1,1,4,1,1,3,2,5,4,4,6,6,2,6,5,
581,0,6716,667d6ad4acc0ef319f84a281,Sadness,4,28,Man,Undegraduate degree (BA/BSc/other),North American,Shame,3,1,5,3,3,3,1,1,1,5,3,1,2,4,3,5,1,1,3,1,1,4,2,3,1,6,5,3,4,6,2,
582,0,7200,667d6ad4acc0ef319f84a281,Fear,4,28,Man,Undegraduate degree (BA/BSc/other),North American,Shame,1,5,1,1,4,3,5,3,3,1,1,5,2,2,4,4,1,1,5,1,3,4,2,3,1,6,5,3,4,6,2,
583,0,52428,667d6ad4acc0ef319f84a281,Sadness,3,28,Man,Undegraduate degree (BA/BSc/other),North American,Shame,2,4,3,2,3,4,2,2,4,3,2,1,2,5,1,5,2,1,4,2,3,4,2,3,1,6,5,3,4,6,2,
584,0,6135,667d6ad4acc0ef319f84a281,Joy,4,28,Man,Undegraduate degree (BA/BSc/other),North American,Shame,4,1,4,5,1,1,1,1,5,4,4,2,3,5,1,5,1,1,3,1,1,4,2,3,1,6,5,3,4,6,2,
585,0,6192,667d6ad4acc0ef319f84a281,Shame,4,28,Man,Undegraduate degree (BA/BSc/other),North American,Shame,1,2,5,1,5,1,1,4,1,4,1,3,3,5,1,3,3,5,4,2,4,4,2,3,1,6,5,3,4,6,2,
586,0,52627,67698456e0096bf48ff64895,Sadness,5,30,Woman,Graduate degree (MA/MSc/MPhil/other),African,Trust,5,5,1,1,5,1,1,5,1,1,5,5,1,5,5,5,5,5,5,1,5,7,1,7,4,7,3,7,1,7,1,N/A
587,0,52718,67698456e0096bf48ff64895,Guilt,5,30,Woman,Graduate degree (MA/MSc/MPhil/other),African,Trust,5,5,5,1,5,1,5,5,5,5,1,5,1,5,5,5,5,5,5,5,5,7,1,7,4,7,3,7,1,7,1,N/A
588,0,41830,67698456e0096bf48ff64895,Sadness,5,30,Woman,Graduate degree (MA/MSc/MPhil/other),African,Trust,5,5,1,1,5,5,5,1,5,5,5,5,5,5,5,5,5,5,5,5,5,7,1,7,4,7,3,7,1,7,1,N/A
589,0,3975,67698456e0096bf48ff64895,Surprise,5,30,Woman,Graduate degree (MA/MSc/MPhil/other),African,Trust,5,5,5,5,1,5,5,5,1,1,5,5,5,5,5,1,1,1,5,1,5,7,1,7,4,7,3,7,1,7,1,N/A
590,0,41287,67698456e0096bf48ff64895,Surprise,5,30,Woman,Graduate degree (MA/MSc/MPhil/other),African,Trust,5,5,5,5,1,5,5,5,1,5,5,5,5,1,5,5,5,1,5,1,5,7,1,7,4,7,3,7,1,7,1,N/A
591,0,51835,605986be77c362e33eac85c2,Fear,5,39,Man,Undegraduate degree (BA/BSc/other),African,I currently do not feel any emotion,4,2,1,1,5,4,4,1,5,5,1,5,1,5,5,1,5,5,5,5,5,6,1,6,1,6,6,6,1,7,1,study was different to what i had expected
592,0,31145,605986be77c362e33eac85c2,Guilt,3,39,Man,Undegraduate degree (BA/BSc/other),African,I currently do not feel any emotion,1,1,1,1,2,3,2,4,5,1,1,4,5,1,1,2,5,4,5,4,4,6,1,6,1,6,6,6,1,7,1,study was different to what i had expected
593,0,61094,605986be77c362e33eac85c2,Joy,2,39,Man,Undegraduate degree (BA/BSc/other),African,I currently do not feel any emotion,1,1,4,4,1,5,1,5,1,4,5,5,1,1,1,1,1,1,5,1,5,6,1,6,1,6,6,6,1,7,1,study was different to what i had expected
594,0,31347,605986be77c362e33eac85c2,Joy,4,39,Man,Undegraduate degree (BA/BSc/other),African,I currently do not feel any emotion,5,2,5,5,1,3,4,1,5,5,1,3,2,5,5,1,1,1,4,1,1,6,1,6,1,6,6,6,1,7,1,study was different to what i had expected
595,0,31180,605986be77c362e33eac85c2,Sadness,5,39,Man,Undegraduate degree (BA/BSc/other),African,I currently do not feel any emotion,1,5,1,1,5,3,1,2,5,1,1,1,1,5,5,5,5,1,3,5,3,6,1,6,1,6,6,6,1,7,1,study was different to what i had expected
596,0,51178,6648ae64fa3b000433961245,Anger,1,34,Woman,Graduate degree (MA/MSc/MPhil/other),African,Relief,3,3,1,3,5,5,3,5,1,3,5,3,1,3,1,3,5,3,5,1,5,3,1,4,4,6,5,5,6,6,2,the study was great
597,0,349,6648ae64fa3b000433961245,Sadness,1,34,Woman,Graduate degree (MA/MSc/MPhil/other),African,Relief,1,5,1,1,5,1,5,1,5,1,3,5,1,5,1,5,5,5,3,1,5,3,1,4,4,6,5,5,6,6,2,the study was great
598,0,31181,6648ae64fa3b000433961245,Joy,1,34,Woman,Graduate degree (MA/MSc/MPhil/other),African,Relief,1,5,1,5,1,5,5,5,1,1,5,5,1,1,5,5,5,1,5,1,3,3,1,4,4,6,5,5,6,6,2,the study was great
599,0,4408,6648ae64fa3b000433961245,Anger,2,34,Woman,Graduate degree (MA/MSc/MPhil/other),African,Relief,1,1,1,1,5,1,3,1,5,3,3,5,5,5,1,1,5,1,5,5,5,3,1,4,4,6,5,5,6,6,2,the study was great
600,0,6407,6648ae64fa3b000433961245,Surprise,1,34,Woman,Graduate degree (MA/MSc/MPhil/other),African,Relief,1,3,1,5,1,5,5,1,5,1,5,3,1,5,1,1,3,3,3,1,3,3,1,4,4,6,5,5,6,6,2,the study was great
601,0,51624,655181617ee96678573a5218,Pride,2,34,Woman,Undegraduate degree (BA/BSc/other),North American,Boredom,3,1,3,3,1,5,3,5,1,5,5,1,5,1,1,2,1,1,3,1,1,4,3,4,4,4,4,4,4,4,4,
602,0,52502,655181617ee96678573a5218,Surprise,2,34,Woman,Undegraduate degree (BA/BSc/other),North American,Boredom,2,4,2,5,1,4,2,5,3,5,5,2,5,3,2,3,4,3,3,3,3,4,3,4,4,4,4,4,4,4,4,
603,0,41621,655181617ee96678573a5218,Joy,3,34,Woman,Undegraduate degree (BA/BSc/other),North American,Boredom,3,2,3,5,2,1,3,1,5,2,2,2,2,5,4,4,2,2,3,2,2,4,3,4,4,4,4,4,4,4,4,
604,0,99,655181617ee96678573a5218,Shame,4,34,Woman,Undegraduate degree (BA/BSc/other),North American,Boredom,2,2,2,2,2,3,3,5,1,3,2,1,4,1,1,4,1,1,1,3,2,4,3,4,4,4,4,4,4,4,4,
605,0,41844,61017e504e37cdb6ad358058,Fear,4,23,Woman,High School,North American,Sadness,3,3,2,1,4,4,2,3,3,3,1,2,3,4,2,3,3,1,4,2,4,6,1,6,4,7,4,7,2,4,1,
606,0,41548,61017e504e37cdb6ad358058,Shame,4,23,Woman,High School,North American,Sadness,3,3,3,1,4,4,3,5,2,4,1,4,3,1,1,4,3,4,4,3,4,6,1,6,4,7,4,7,2,4,1,
607,0,6422,61017e504e37cdb6ad358058,Shame,4,23,Woman,High School,North American,Sadness,2,5,1,1,5,4,4,2,3,1,1,5,2,3,1,3,4,2,5,3,5,6,1,6,4,7,4,7,2,4,1,
608,0,52716,61017e504e37cdb6ad358058,Trust,5,23,Woman,High School,North American,Sadness,2,2,2,5,1,2,2,4,4,3,5,4,3,3,2,3,2,1,4,1,4,6,1,6,4,7,4,7,2,4,1,
609,0,6953,61017e504e37cdb6ad358058,Guilt,4,23,Woman,High School,North American,Sadness,2,1,2,1,3,2,2,3,3,2,1,2,3,3,1,3,3,2,3,3,2,6,1,6,4,7,4,7,2,4,1,
610,0,52441,677c4ec6bf1d6e16cf3d3055,Joy,1,42,Man,Undegraduate degree (BA/BSc/other),East Asian,I currently do not feel any emotion,1,4,2,5,1,4,3,1,5,2,4,5,2,5,4,5,2,1,5,1,4,2,4,4,3,6,5,5,4,6,2,"sometimes when I would select a number, it would check another number."
611,0,41260,677c4ec6bf1d6e16cf3d3055,Relief,3,42,Man,Undegraduate degree (BA/BSc/other),East Asian,I currently do not feel any emotion,2,2,1,5,1,4,1,4,3,1,4,2,4,2,2,5,3,1,4,1,3,2,4,4,3,6,5,5,4,6,2,"sometimes when I would select a number, it would check another number."
612,0,51922,677c4ec6bf1d6e16cf3d3055,Joy,4,42,Man,Undegraduate degree (BA/BSc/other),East Asian,I currently do not feel any emotion,3,3,4,5,2,5,1,4,4,4,4,2,3,4,1,4,1,1,5,1,3,2,4,4,3,6,5,5,4,6,2,"sometimes when I would select a number, it would check another number."
613,0,52777,677c4ec6bf1d6e16cf3d3055,Trust,4,42,Man,Undegraduate degree (BA/BSc/other),East Asian,I currently do not feel any emotion,2,2,3,5,1,5,1,4,4,4,4,2,4,5,1,4,1,1,4,1,3,2,4,4,3,6,5,5,4,6,2,"sometimes when I would select a number, it would check another number."
614,0,5105,677c4ec6bf1d6e16cf3d3055,Shame,3,42,Man,Undegraduate degree (BA/BSc/other),East Asian,I currently do not feel any emotion,3,1,4,2,4,2,1,2,5,4,1,4,3,5,1,4,4,3,4,3,4,2,4,4,3,6,5,5,4,6,2,"sometimes when I would select a number, it would check another number."
615,0,52598,600ad0fb206b70059718a0c5,Joy,4,45,Man,Graduate degree (MA/MSc/MPhil/other),African,Relief,2,3,2,4,1,4,3,3,3,3,4,2,2,3,1,3,1,1,4,2,3,6,1,7,1,6,3,7,1,7,2,Interesting study
616,0,26,600ad0fb206b70059718a0c5,Disgust,5,45,Man,Graduate degree (MA/MSc/MPhil/other),African,Relief,1,5,1,1,5,3,3,1,5,1,1,5,4,5,2,3,5,5,5,5,4,6,1,7,1,6,3,7,1,7,2,Interesting study
617,0,468,600ad0fb206b70059718a0c5,Anger,5,45,Man,Graduate degree (MA/MSc/MPhil/other),African,Relief,1,1,1,1,5,5,1,1,5,1,1,5,2,5,1,2,5,5,5,3,5,6,1,7,1,6,3,7,1,7,2,Interesting study
618,0,41759,600ad0fb206b70059718a0c5,Surprise,4,45,Man,Graduate degree (MA/MSc/MPhil/other),African,Relief,2,5,1,1,5,3,3,1,5,1,5,4,2,5,1,3,4,5,5,4,3,6,1,7,1,6,3,7,1,7,2,Interesting study
619,0,51801,600ad0fb206b70059718a0c5,Pride,5,45,Man,Graduate degree (MA/MSc/MPhil/other),African,Relief,2,4,2,5,1,5,5,1,3,2,2,4,2,5,4,3,1,1,3,1,1,6,1,7,1,6,3,7,1,7,2,Interesting study
620,0,5254,6466249c27b5e4161f763c32,Anger,3,39,Man,High School,African,Boredom,1,3,4,3,4,5,4,3,3,4,4,5,4,2,4,3,4,1,5,2,4,1,1,4,2,4,7,6,1,5,2,i really liked this study and the events that were shown. it makes you think of what emotions that the person maybe going through.
621,0,7147,6466249c27b5e4161f763c32,Disgust,5,39,Man,High School,African,Boredom,4,4,3,1,5,3,2,4,4,5,1,4,1,5,4,3,5,2,5,5,5,1,1,4,2,4,7,6,1,5,2,i really liked this study and the events that were shown. it makes you think of what emotions that the person maybe going through.
622,0,5247,6466249c27b5e4161f763c32,Relief,4,39,Man,High School,African,Boredom,5,1,4,5,1,3,1,5,1,4,5,5,4,1,1,3,2,1,5,1,5,1,1,4,2,4,7,6,1,5,2,i really liked this study and the events that were shown. it makes you think of what emotions that the person maybe going through.
623,0,52132,6466249c27b5e4161f763c32,Sadness,5,39,Man,High School,African,Boredom,1,5,3,1,5,4,3,1,5,4,1,4,4,4,5,3,3,3,2,4,5,1,1,4,2,4,7,6,1,5,2,i really liked this study and the events that were shown. it makes you think of what emotions that the person maybe going through.
624,0,52709,6466249c27b5e4161f763c32,Trust,5,39,Man,High School,African,Boredom,2,4,1,2,1,3,3,1,5,4,3,4,3,3,4,3,3,1,5,1,3,1,1,4,2,4,7,6,1,5,2,i really liked this study and the events that were shown. it makes you think of what emotions that the person maybe going through.
625,0,41299,611ffe84a8214760847fc4de,Boredom,1,38,Man,Undegraduate degree (BA/BSc/other),North American,Trust,2,1,4,5,1,5,2,5,1,3,3,1,1,1,2,3,1,1,5,1,3,2,1,7,2,5,5,6,1,7,4,
626,0,51957,611ffe84a8214760847fc4de,Relief,5,38,Man,Undegraduate degree (BA/BSc/other),North American,Trust,3,1,2,5,1,3,1,2,5,3,3,2,2,4,1,2,1,1,5,2,5,2,1,7,2,5,5,6,1,7,4,
627,0,6864,611ffe84a8214760847fc4de,Anger,5,38,Man,Undegraduate degree (BA/BSc/other),North American,Trust,3,5,1,1,5,4,1,1,5,2,1,5,1,5,1,2,5,5,5,5,5,2,1,7,2,5,5,6,1,7,4,
628,0,41835,611ffe84a8214760847fc4de,Sadness,5,38,Man,Undegraduate degree (BA/BSc/other),North American,Trust,3,4,3,1,4,2,1,3,5,2,5,4,2,4,1,3,5,2,4,3,4,2,1,7,2,5,5,6,1,7,4,
629,0,3143,611ffe84a8214760847fc4de,Boredom,3,38,Man,Undegraduate degree (BA/BSc/other),North American,Trust,5,1,2,3,2,1,1,5,1,2,3,2,5,1,1,2,1,1,2,1,1,2,1,7,2,5,5,6,1,7,4,
630,0,5524,5c5757d53d8546000132180e,Anger,4,62,Woman,High School,European,I currently do not feel any emotion,3,4,2,1,5,3,1,1,5,2,2,4,2,4,1,4,5,4,4,4,4,2,2,5,7,4,6,7,2,3,2,na
631,0,4594,5c5757d53d8546000132180e,Sadness,3,62,Woman,High School,European,I currently do not feel any emotion,2,5,2,1,5,3,3,2,5,2,1,2,1,5,2,4,4,3,4,3,3,2,2,5,7,4,6,7,2,3,2,na
632,0,52571,5c5757d53d8546000132180e,Joy,3,62,Woman,High School,European,I currently do not feel any emotion,4,3,3,4,2,3,3,3,3,3,4,4,4,4,2,3,2,1,3,1,2,2,2,5,7,4,6,7,2,3,2,na
633,0,825,5c5757d53d8546000132180e,Boredom,2,62,Woman,High School,European,I currently do not feel any emotion,4,3,4,3,2,2,2,4,3,4,3,3,4,3,2,3,3,1,2,1,2,2,2,5,7,4,6,7,2,3,2,na
634,0,52444,5c5757d53d8546000132180e,Surprise,4,62,Woman,High School,European,I currently do not feel any emotion,2,3,2,4,1,4,4,4,4,3,4,3,3,3,2,3,2,1,4,1,4,2,2,5,7,4,6,7,2,3,2,na
635,0,3836,674498747b9b5a64b5d1f6b0,Pride,4,29,Woman,Graduate degree (MA/MSc/MPhil/other),East Asian,Joy,4,1,4,2,2,3,3,2,2,2,3,3,4,3,3,3,4,4,3,4,3,2,1,7,1,5,6,4,1,4,1,None.
636,0,2144,674498747b9b5a64b5d1f6b0,Joy,5,29,Woman,Graduate degree (MA/MSc/MPhil/other),East Asian,Joy,4,1,3,3,1,2,3,3,3,3,3,3,3,3,3,3,3,3,1,3,3,2,1,7,1,5,6,4,1,4,1,None.
637,0,3586,674498747b9b5a64b5d1f6b0,Joy,5,29,Woman,Graduate degree (MA/MSc/MPhil/other),East Asian,Joy,3,3,4,3,4,3,3,2,2,3,3,3,3,2,2,4,4,3,4,3,3,2,1,7,1,5,6,4,1,4,1,None.
638,0,52289,674498747b9b5a64b5d1f6b0,Sadness,5,29,Woman,Graduate degree (MA/MSc/MPhil/other),East Asian,Joy,3,3,3,4,3,4,3,3,3,3,3,2,2,5,4,3,3,2,3,2,3,2,1,7,1,5,6,4,1,4,1,None.
639,0,5149,674498747b9b5a64b5d1f6b0,Anger,4,29,Woman,Graduate degree (MA/MSc/MPhil/other),East Asian,Joy,3,1,2,3,4,3,2,3,3,3,2,4,4,2,3,2,3,3,3,4,3,2,1,7,1,5,6,4,1,4,1,None.
640,0,5609,67cf1052df2474400a53e602,Fear,1,56,Woman,Graduate degree (MA/MSc/MPhil/other),European,I currently do not feel any emotion,2,3,2,1,5,2,3,1,5,2,3,2,1,5,4,5,3,1,4,5,3,3,3,4,4,5,5,5,3,4,2,The study was very interesting. It would be helpful if the response names (moderately etc.)  appeared halfway down the study as well as at the top and bottom to avoid error.
641,0,31179,67cf1052df2474400a53e602,Pride,3,56,Woman,Graduate degree (MA/MSc/MPhil/other),European,I currently do not feel any emotion,2,1,4,3,3,5,1,5,1,4,4,2,5,1,1,5,2,5,5,2,3,3,3,4,4,5,5,5,3,4,2,The study was very interesting. It would be helpful if the response names (moderately etc.)  appeared halfway down the study as well as at the top and bottom to avoid error.
642,0,4583,67cf1052df2474400a53e602,Anger,2,56,Woman,Graduate degree (MA/MSc/MPhil/other),European,I currently do not feel any emotion,1,5,1,1,5,2,1,1,5,2,1,2,1,5,1,4,5,5,4,3,2,3,3,4,4,5,5,5,3,4,2,The study was very interesting. It would be helpful if the response names (moderately etc.)  appeared halfway down the study as well as at the top and bottom to avoid error.
643,0,6154,67cf1052df2474400a53e602,Boredom,1,56,Woman,Graduate degree (MA/MSc/MPhil/other),European,I currently do not feel any emotion,2,2,2,1,5,2,2,1,1,4,2,1,1,4,4,4,1,1,3,2,2,3,3,4,4,5,5,5,3,4,2,The study was very interesting. It would be helpful if the response names (moderately etc.)  appeared halfway down the study as well as at the top and bottom to avoid error.
644,0,4636,67cf1052df2474400a53e602,Surprise,3,56,Woman,Graduate degree (MA/MSc/MPhil/other),European,I currently do not feel any emotion,1,5,1,1,5,5,4,1,5,4,1,5,5,5,1,3,2,5,5,4,4,3,3,4,4,5,5,5,3,4,2,The study was very interesting. It would be helpful if the response names (moderately etc.)  appeared halfway down the study as well as at the top and bottom to avoid error.
645,0,4327,66201535e22619b590716b4e,Sadness,2,27,Woman,Undegraduate degree (BA/BSc/other),African,Relief,4,3,4,1,5,3,1,1,5,3,3,4,2,5,2,4,4,5,5,5,5,5,1,6,1,5,7,7,3,6,2,It was entertaining
646,0,51775,66201535e22619b590716b4e,Joy,1,27,Woman,Undegraduate degree (BA/BSc/other),African,Relief,3,2,5,3,3,5,4,4,2,5,5,5,5,2,3,3,1,1,5,1,4,5,1,6,1,5,7,7,3,6,2,It was entertaining
647,0,41583,66201535e22619b590716b4e,Sadness,1,27,Woman,Undegraduate degree (BA/BSc/other),African,Relief,1,1,4,1,3,5,1,5,1,3,4,2,5,5,2,3,4,1,5,2,1,5,1,6,1,5,7,7,3,6,2,It was entertaining
648,0,2212,66201535e22619b590716b4e,Joy,1,27,Woman,Undegraduate degree (BA/BSc/other),African,Relief,5,1,5,5,1,1,1,5,1,3,5,1,5,2,1,3,3,1,2,1,1,5,1,6,1,5,7,7,3,6,2,It was entertaining
649,0,3320,66201535e22619b590716b4e,Surprise,3,27,Woman,Undegraduate degree (BA/BSc/other),African,Relief,2,5,5,1,5,5,2,4,5,3,2,5,3,5,1,4,4,3,5,3,2,5,1,6,1,5,7,7,3,6,2,It was entertaining
650,0,51949,671609ab4a3f2c6c76dfe9d8,Fear,2,26,Man,Undegraduate degree (BA/BSc/other),African,Trust,4,1,4,1,5,5,1,2,4,4,1,4,3,4,3,3,4,1,5,4,4,4,3,6,2,5,4,6,1,7,1,"really enjoyed the study, happy  to be of assistance."
651,0,6135,671609ab4a3f2c6c76dfe9d8,Joy,4,26,Man,Undegraduate degree (BA/BSc/other),African,Trust,5,3,4,5,1,3,1,2,5,4,5,4,4,3,1,3,1,1,3,1,1,4,3,6,2,5,4,6,1,7,1,"really enjoyed the study, happy  to be of assistance."
652,0,5955,671609ab4a3f2c6c76dfe9d8,Fear,2,26,Man,Undegraduate degree (BA/BSc/other),African,Trust,1,5,1,1,5,4,4,4,2,1,1,4,2,2,4,2,3,4,5,4,4,4,3,6,2,5,4,6,1,7,1,"really enjoyed the study, happy  to be of assistance."
653,0,5609,671609ab4a3f2c6c76dfe9d8,Disgust,3,26,Man,Undegraduate degree (BA/BSc/other),African,Trust,4,2,4,1,5,3,1,2,5,3,2,4,1,5,1,3,1,2,3,5,3,4,3,6,2,5,4,6,1,7,1,"really enjoyed the study, happy  to be of assistance."
654,0,5575,671609ab4a3f2c6c76dfe9d8,Disgust,2,26,Man,Undegraduate degree (BA/BSc/other),African,Trust,4,3,3,1,5,1,1,1,5,3,1,3,1,4,1,2,4,4,4,4,2,4,3,6,2,5,4,6,1,7,1,"really enjoyed the study, happy  to be of assistance."
655,0,52373,5c63e773f9b6300001c9ce20,Sadness,3,35,Woman,Doctorate degree (PhD/other),European,Boredom,2,2,3,1,5,4,2,4,2,3,2,3,4,3,2,3,4,2,4,3,3,1,5,4,6,2,7,3,4,2,1,
656,0,41287,5c63e773f9b6300001c9ce20,Relief,2,35,Woman,Doctorate degree (PhD/other),European,Boredom,4,1,4,3,3,2,1,1,1,2,3,2,2,4,5,3,2,1,3,2,3,1,5,4,6,2,7,3,4,2,1,
657,0,764,5c63e773f9b6300001c9ce20,Pride,2,35,Woman,Doctorate degree (PhD/other),European,Boredom,1,2,4,4,2,4,2,3,3,3,4,3,3,3,2,3,1,1,4,2,3,1,5,4,6,2,7,3,4,2,1,
658,0,52866,5c63e773f9b6300001c9ce20,Trust,4,35,Woman,Doctorate degree (PhD/other),European,Boredom,3,2,4,4,2,3,2,3,4,3,3,2,2,4,2,3,2,2,4,2,3,1,5,4,6,2,7,3,4,2,1,
659,0,4408,5c63e773f9b6300001c9ce20,Sadness,4,35,Woman,Doctorate degree (PhD/other),European,Boredom,2,3,2,1,5,3,2,2,4,3,2,3,4,4,2,3,3,4,4,3,3,1,5,4,6,2,7,3,4,2,1,
660,0,7147,6554e79557e3d6be08e32ceb,Sadness,4,64,Man,High School,European,Joy,2,2,1,1,5,4,1,1,4,4,1,3,1,5,5,1,5,3,5,4,4,6,3,5,2,7,2,6,4,5,1,I would like even more scenarios as I found it interesting to consider how the authors were feeling and reacting
661,0,47,6554e79557e3d6be08e32ceb,Anger,3,64,Man,High School,European,Joy,1,5,1,1,5,2,4,1,5,3,1,5,1,5,5,3,5,5,5,5,5,6,3,5,2,7,2,6,4,5,1,I would like even more scenarios as I found it interesting to consider how the authors were feeling and reacting
662,0,6954,6554e79557e3d6be08e32ceb,Guilt,4,64,Man,High School,European,Joy,3,5,3,3,3,3,4,5,5,3,2,4,5,3,3,3,3,5,5,4,4,6,3,5,2,7,2,6,4,5,1,I would like even more scenarios as I found it interesting to consider how the authors were feeling and reacting
663,0,3423,6554e79557e3d6be08e32ceb,Fear,2,64,Man,High School,European,Joy,1,3,1,1,5,5,3,1,5,1,1,5,1,5,2,2,5,5,5,5,5,6,3,5,2,7,2,6,4,5,1,I would like even more scenarios as I found it interesting to consider how the authors were feeling and reacting
664,0,2212,6554e79557e3d6be08e32ceb,Relief,5,64,Man,High School,European,Joy,5,1,5,4,2,2,3,3,3,3,3,3,5,2,1,4,2,2,4,1,2,6,3,5,2,7,2,6,4,5,1,I would like even more scenarios as I found it interesting to consider how the authors were feeling and reacting
665,0,3836,60bf28df4926a8b6391df575,Pride,5,22,Man,Undegraduate degree (BA/BSc/other),European,Boredom,4,2,2,5,1,2,2,5,5,2,3,4,4,4,1,1,1,1,2,1,1,7,3,5,3,6,2,6,5,6,3,
666,0,4821,60bf28df4926a8b6391df575,Pride,4,22,Man,Undegraduate degree (BA/BSc/other),European,Boredom,2,4,2,5,1,2,1,5,2,5,3,3,5,4,1,1,1,1,4,1,1,7,3,5,3,6,2,6,5,6,3,
667,0,5556,60bf28df4926a8b6391df575,Anger,4,22,Man,Undegraduate degree (BA/BSc/other),European,Boredom,1,4,2,1,5,1,1,1,5,2,1,5,1,5,2,1,5,4,3,1,4,7,3,5,3,6,2,6,5,6,3,
668,0,3320,60bf28df4926a8b6391df575,Anger,2,22,Man,Undegraduate degree (BA/BSc/other),European,Boredom,3,1,3,3,3,2,1,1,5,4,3,4,5,5,1,3,4,5,4,2,1,7,3,5,3,6,2,6,5,6,3,
669,0,4510,60bf28df4926a8b6391df575,Surprise,4,22,Man,Undegraduate degree (BA/BSc/other),European,Boredom,2,4,1,1,5,2,1,2,5,2,1,4,1,5,1,2,4,2,4,2,2,7,3,5,3,6,2,6,5,6,3,
670,0,6110,63f782f160eb53150d24c549,Sadness,4,30,Woman,Graduate degree (MA/MSc/MPhil/other),European,Sadness,4,3,3,1,5,4,2,3,1,4,1,1,1,1,5,4,1,1,3,5,4,2,2,1,5,5,6,5,5,3,2,
671,0,4636,63f782f160eb53150d24c549,Anger,5,30,Woman,Graduate degree (MA/MSc/MPhil/other),European,Sadness,1,5,1,1,5,2,1,1,5,1,1,5,1,5,1,3,4,5,5,4,5,2,2,1,5,5,6,5,5,3,2,
672,0,6423,63f782f160eb53150d24c549,Joy,5,30,Woman,Graduate degree (MA/MSc/MPhil/other),European,Sadness,4,1,4,5,1,4,1,5,5,4,5,1,5,1,1,1,1,1,1,1,2,2,2,1,5,5,6,5,5,3,2,
673,0,89,63f782f160eb53150d24c549,Relief,5,30,Woman,Graduate degree (MA/MSc/MPhil/other),European,Sadness,3,1,4,4,3,4,1,3,3,4,4,4,1,5,5,4,1,1,5,1,1,2,2,1,5,5,6,5,5,3,2,
674,0,5951,63f782f160eb53150d24c549,Pride,4,30,Woman,Graduate degree (MA/MSc/MPhil/other),European,Sadness,4,1,3,4,2,5,1,4,1,4,4,4,5,1,1,3,1,1,5,1,5,2,2,1,5,5,6,5,5,3,2,
675,0,720,5f87ec72bcee242284725d55,Anger,2,67,Woman,High School,European,Boredom,4,1,4,1,5,3,1,3,1,4,2,2,2,5,1,3,3,1,2,5,2,2,4,5,5,4,6,6,3,3,4,
676,0,3605,5f87ec72bcee242284725d55,Joy,5,67,Woman,High School,European,Boredom,4,1,1,3,2,5,1,3,3,4,4,5,4,3,1,4,1,1,5,1,5,2,4,5,5,4,6,6,3,3,4,
677,0,6304,5f87ec72bcee242284725d55,Fear,2,67,Woman,High School,European,Boredom,1,5,1,1,5,5,4,1,5,4,1,5,1,5,5,1,3,2,5,4,4,2,4,5,5,4,6,6,3,3,4,
678,0,5700,5f87ec72bcee242284725d55,Anger,1,67,Woman,High School,European,Boredom,4,1,2,1,5,4,1,1,5,3,3,5,3,5,1,1,5,5,5,1,4,2,4,5,5,4,6,6,3,3,4,
679,0,614,5f87ec72bcee242284725d55,Sadness,5,67,Woman,High School,European,Boredom,4,3,4,1,5,2,1,1,5,3,1,3,1,5,1,2,5,5,3,1,3,2,4,5,5,4,6,6,3,3,4,
680,0,5298,671e39c25e5e3f340a6f21d4,Boredom,2,31,Man,Undegraduate degree (BA/BSc/other),African,Pride,4,1,4,3,4,1,2,2,5,4,2,2,4,5,1,5,1,1,1,4,1,5,1,6,4,6,3,7,2,5,2,na
681,0,3926,671e39c25e5e3f340a6f21d4,Pride,1,31,Man,Undegraduate degree (BA/BSc/other),African,Pride,5,1,4,4,1,2,3,4,2,5,4,4,4,3,1,4,1,1,3,1,2,5,1,6,4,6,3,7,2,5,2,na
682,0,6808,671e39c25e5e3f340a6f21d4,Joy,1,31,Man,Undegraduate degree (BA/BSc/other),African,Pride,3,2,2,5,1,5,4,3,1,4,2,3,3,4,4,5,1,1,4,2,3,5,1,6,4,6,3,7,2,5,2,na
683,0,3117,671e39c25e5e3f340a6f21d4,Anger,1,31,Man,Undegraduate degree (BA/BSc/other),African,Pride,2,2,1,1,5,2,1,1,5,3,1,5,1,4,1,3,4,4,5,5,4,5,1,6,4,6,3,7,2,5,2,na
684,0,31338,671e39c25e5e3f340a6f21d4,Joy,2,31,Man,Undegraduate degree (BA/BSc/other),African,Pride,3,1,3,5,1,4,1,4,4,3,4,2,2,5,1,3,1,2,2,1,3,5,1,6,4,6,3,7,2,5,2,na
685,0,6407,67aba38afd3d89577d4455f6,Surprise,2,67,Woman,Graduate degree (MA/MSc/MPhil/other),European,Joy,4,4,1,4,1,4,4,1,5,1,1,2,2,5,5,4,2,2,2,2,2,6,1,6,1,6,6,6,1,6,1,
686,0,52718,67aba38afd3d89577d4455f6,Relief,1,67,Woman,Graduate degree (MA/MSc/MPhil/other),European,Joy,4,1,4,2,5,4,5,2,2,4,2,4,4,2,4,2,4,2,5,1,3,6,1,6,1,6,6,6,1,6,1,
687,0,51801,67aba38afd3d89577d4455f6,Surprise,4,67,Woman,Graduate degree (MA/MSc/MPhil/other),European,Joy,4,4,4,4,1,4,2,5,2,5,1,2,2,4,4,4,2,2,4,1,2,6,1,6,1,6,6,6,1,6,1,
688,0,52579,67aba38afd3d89577d4455f6,Joy,4,67,Woman,Graduate degree (MA/MSc/MPhil/other),European,Joy,4,4,2,4,1,4,1,5,3,2,4,2,2,2,5,5,1,1,4,1,1,6,1,6,1,6,6,6,1,6,1,
689,0,41621,67aba38afd3d89577d4455f6,Surprise,4,67,Woman,Graduate degree (MA/MSc/MPhil/other),European,Joy,4,5,2,2,5,2,2,4,4,2,2,2,4,2,2,4,2,2,4,2,2,6,1,6,1,6,6,6,1,6,1,
690,0,2129,60b94f837bfda8b1977feef0,Joy,2,78,Woman,High School,European,Trust,4,1,4,5,1,2,2,2,3,4,5,3,4,3,2,2,2,1,2,1,2,2,2,6,2,6,6,6,2,4,3,It was sometimes difficult to  see the comment scores  and had to scroll on the screen quite a lot.
691,0,52444,60b94f837bfda8b1977feef0,Surprise,1,78,Woman,High School,European,Trust,1,1,1,4,1,4,3,3,4,4,3,4,4,3,2,3,3,3,4,2,3,2,2,6,2,6,6,6,2,4,3,It was sometimes difficult to  see the comment scores  and had to scroll on the screen quite a lot.
692,0,5546,60b94f837bfda8b1977feef0,Sadness,3,78,Woman,High School,European,Trust,2,3,2,1,1,5,4,1,5,5,1,3,1,5,3,2,4,4,4,2,4,2,2,6,2,6,6,6,2,4,3,It was sometimes difficult to  see the comment scores  and had to scroll on the screen quite a lot.
693,0,41759,60b94f837bfda8b1977feef0,Anger,4,78,Woman,High School,European,Trust,2,4,2,5,5,2,3,3,4,2,4,4,1,5,3,3,4,4,4,3,3,2,2,6,2,6,6,6,2,4,3,It was sometimes difficult to  see the comment scores  and had to scroll on the screen quite a lot.
694,0,5105,60b94f837bfda8b1977feef0,Anger,3,78,Woman,High School,European,Trust,3,1,2,1,5,4,4,3,4,4,1,3,2,4,4,3,3,3,5,3,4,2,2,6,2,6,6,6,2,4,3,It was sometimes difficult to  see the comment scores  and had to scroll on the screen quite a lot.
695,0,6879,678d4a8ec4a39dac9fee4431,Anger,2,50,Woman,Graduate degree (MA/MSc/MPhil/other),Indigenous,Trust,4,4,3,1,5,4,4,3,5,2,5,4,4,3,3,3,4,4,4,3,4,6,1,5,1,6,6,6,1,7,1,"i like the study, is very educative indeed"
696,0,41415,678d4a8ec4a39dac9fee4431,Sadness,4,50,Woman,Graduate degree (MA/MSc/MPhil/other),Indigenous,Trust,2,4,2,1,5,2,4,1,4,2,4,5,4,4,3,3,2,4,4,4,5,6,1,5,1,6,6,6,1,7,1,"i like the study, is very educative indeed"
697,0,6162,678d4a8ec4a39dac9fee4431,Pride,3,50,Woman,Graduate degree (MA/MSc/MPhil/other),Indigenous,Trust,4,2,4,5,1,5,4,4,3,4,5,4,5,3,3,4,2,1,4,2,5,6,1,5,1,6,6,6,1,7,1,"i like the study, is very educative indeed"
698,0,4475,678d4a8ec4a39dac9fee4431,Guilt,4,50,Woman,Graduate degree (MA/MSc/MPhil/other),Indigenous,Trust,4,4,4,1,4,4,4,4,2,4,2,4,4,1,3,4,4,4,4,2,4,6,1,5,1,6,6,6,1,7,1,"i like the study, is very educative indeed"
699,0,429,678d4a8ec4a39dac9fee4431,Disgust,2,50,Woman,Graduate degree (MA/MSc/MPhil/other),Indigenous,Trust,2,4,2,2,5,3,4,1,5,4,3,5,4,5,4,3,4,5,4,4,5,6,1,5,1,6,6,6,1,7,1,"i like the study, is very educative indeed"
700,0,5684,66eddcfe67e927db6f0a4768,Anger,2,37,Gender Variant / Non-Conforming / Non-binary,Undegraduate degree (BA/BSc/other),North American,Relief,1,5,2,1,5,3,1,3,5,1,1,5,1,5,2,2,5,5,4,4,5,3,2,6,3,6,5,6,1,6,1,
701,0,4592,66eddcfe67e927db6f0a4768,Boredom,4,37,Gender Variant / Non-Conforming / Non-binary,Undegraduate degree (BA/BSc/other),North American,Relief,1,1,1,3,3,1,1,5,1,1,2,1,2,1,1,5,1,1,1,1,2,3,2,6,3,6,5,6,1,6,1,
702,0,52502,66eddcfe67e927db6f0a4768,Pride,2,37,Gender Variant / Non-Conforming / Non-binary,Undegraduate degree (BA/BSc/other),North American,Relief,1,1,4,5,1,5,3,3,1,4,5,1,2,2,1,5,1,1,2,1,5,3,2,6,3,6,5,6,1,6,1,
703,0,51263,66eddcfe67e927db6f0a4768,Joy,2,37,Gender Variant / Non-Conforming / Non-binary,Undegraduate degree (BA/BSc/other),North American,Relief,5,1,3,5,1,1,1,3,2,3,5,1,3,3,1,5,1,1,3,1,1,3,2,6,3,6,5,6,1,6,1,
704,0,52627,66eddcfe67e927db6f0a4768,Fear,3,37,Gender Variant / Non-Conforming / Non-binary,Undegraduate degree (BA/BSc/other),North American,Relief,1,3,1,1,5,1,3,1,2,1,1,1,1,2,3,3,1,1,2,1,1,3,2,6,3,6,5,6,1,6,1,
705,0,52584,60aad516e34718d318bfb44d,Surprise,2,31,Woman,Undegraduate degree (BA/BSc/other),African,Surprise,3,4,3,3,2,4,3,2,5,3,3,4,3,5,2,3,2,2,5,2,3,3,5,5,6,4,5,6,5,3,1,The study was a interesting but took a bit longer to complete...
706,0,4649,60aad516e34718d318bfb44d,Boredom,4,31,Woman,Undegraduate degree (BA/BSc/other),African,Surprise,3,2,4,3,3,3,1,4,2,3,3,3,4,2,1,3,3,4,5,3,3,3,5,5,6,4,5,6,5,3,1,The study was a interesting but took a bit longer to complete...
707,0,51139,60aad516e34718d318bfb44d,Joy,2,31,Woman,Undegraduate degree (BA/BSc/other),African,Surprise,4,3,5,5,1,3,1,5,2,3,5,4,4,3,2,3,2,1,5,1,4,3,5,5,6,4,5,6,5,3,1,The study was a interesting but took a bit longer to complete...
708,0,2180,60aad516e34718d318bfb44d,Sadness,1,31,Woman,Undegraduate degree (BA/BSc/other),African,Surprise,3,4,3,1,5,4,2,4,4,4,1,3,3,4,3,3,3,2,5,3,4,3,5,5,6,4,5,6,5,3,1,The study was a interesting but took a bit longer to complete...
709,0,52132,60aad516e34718d318bfb44d,Guilt,3,31,Woman,Undegraduate degree (BA/BSc/other),African,Surprise,3,4,4,1,4,4,1,4,5,4,2,3,2,5,3,3,3,2,5,3,4,3,5,5,6,4,5,6,5,3,1,The study was a interesting but took a bit longer to complete...
710,0,51241,6516d39e9eea4ed892cbb5b7,Joy,3,30,Gender Variant / Non-Conforming / Non-binary,Graduate degree (MA/MSc/MPhil/other),North American,Sadness,5,1,5,5,1,2,1,2,4,4,5,5,4,4,1,5,1,1,4,1,2,4,2,4,4,6,4,6,3,4,2,"it was unclear in some cases which part of the story should be rated -- if they included longer term consequences or something already in the story, the feelings etc. would have changed between the exact event and what followed from it"
711,0,6422,6516d39e9eea4ed892cbb5b7,Guilt,3,30,Gender Variant / Non-Conforming / Non-binary,Graduate degree (MA/MSc/MPhil/other),North American,Sadness,1,5,1,1,5,4,4,4,3,4,1,3,3,4,3,4,4,3,3,4,3,4,2,4,4,6,4,6,3,4,2,"it was unclear in some cases which part of the story should be rated -- if they included longer term consequences or something already in the story, the feelings etc. would have changed between the exact event and what followed from it"
712,0,272,6516d39e9eea4ed892cbb5b7,Fear,3,30,Gender Variant / Non-Conforming / Non-binary,Graduate degree (MA/MSc/MPhil/other),North American,Sadness,1,2,4,3,3,2,2,3,3,3,3,4,4,4,2,5,1,1,5,1,5,4,2,4,4,6,4,6,3,4,2,"it was unclear in some cases which part of the story should be rated -- if they included longer term consequences or something already in the story, the feelings etc. would have changed between the exact event and what followed from it"
713,0,2213,6516d39e9eea4ed892cbb5b7,Relief,3,30,Gender Variant / Non-Conforming / Non-binary,Graduate degree (MA/MSc/MPhil/other),North American,Sadness,1,4,2,2,4,4,4,2,3,3,4,3,2,5,5,4,3,1,3,3,3,4,2,4,4,6,4,6,3,4,2,"it was unclear in some cases which part of the story should be rated -- if they included longer term consequences or something already in the story, the feelings etc. would have changed between the exact event and what followed from it"
714,0,52338,6516d39e9eea4ed892cbb5b7,Shame,3,30,Gender Variant / Non-Conforming / Non-binary,Graduate degree (MA/MSc/MPhil/other),North American,Sadness,2,4,2,1,5,3,2,5,3,2,1,3,4,3,2,4,4,4,4,5,4,4,2,4,4,6,4,6,3,4,2,"it was unclear in some cases which part of the story should be rated -- if they included longer term consequences or something already in the story, the feelings etc. would have changed between the exact event and what followed from it"
715,0,6224,5db09b3a9611830016dd495b,Sadness,5,38,Gender Variant / Non-Conforming / Non-binary,High School,European,Sadness,2,4,1,1,5,3,1,1,5,4,1,4,1,5,1,4,5,3,5,5,5,2,5,7,7,7,6,7,1,3,1,"One of the ones i had was ""My son attestation when becoming a police officer"" i wasn't sure if it was a typo or not but i'm not sure what the word attestation means (i did google but even after googling i still was not 100% sure what it means) so I just assumed that it meant something positive (i hope my assumption was correct) i really enjoyed this study and wish you luck with your research!"
716,0,51289,5db09b3a9611830016dd495b,Joy,1,38,Gender Variant / Non-Conforming / Non-binary,High School,European,Sadness,5,1,5,5,1,5,2,5,4,5,5,5,5,2,1,5,1,1,5,1,2,2,5,7,7,7,6,7,1,3,1,"One of the ones i had was ""My son attestation when becoming a police officer"" i wasn't sure if it was a typo or not but i'm not sure what the word attestation means (i did google but even after googling i still was not 100% sure what it means) so I just assumed that it meant something positive (i hope my assumption was correct) i really enjoyed this study and wish you luck with your research!"
717,0,51807,5db09b3a9611830016dd495b,Pride,4,38,Gender Variant / Non-Conforming / Non-binary,High School,European,Sadness,2,1,3,5,1,3,1,1,5,5,2,4,1,5,1,5,1,1,4,1,2,2,5,7,7,7,6,7,1,3,1,"One of the ones i had was ""My son attestation when becoming a police officer"" i wasn't sure if it was a typo or not but i'm not sure what the word attestation means (i did google but even after googling i still was not 100% sure what it means) so I just assumed that it meant something positive (i hope my assumption was correct) i really enjoyed this study and wish you luck with your research!"
718,0,61021,5db09b3a9611830016dd495b,Anger,3,38,Gender Variant / Non-Conforming / Non-binary,High School,European,Sadness,3,2,1,1,5,5,1,4,2,5,1,3,2,5,1,3,5,1,5,4,5,2,5,7,7,7,6,7,1,3,1,"One of the ones i had was ""My son attestation when becoming a police officer"" i wasn't sure if it was a typo or not but i'm not sure what the word attestation means (i did google but even after googling i still was not 100% sure what it means) so I just assumed that it meant something positive (i hope my assumption was correct) i really enjoyed this study and wish you luck with your research!"
719,0,4583,5db09b3a9611830016dd495b,Surprise,3,38,Gender Variant / Non-Conforming / Non-binary,High School,European,Sadness,1,5,1,1,2,1,1,1,5,2,1,2,1,5,1,4,3,5,5,2,2,2,5,7,7,7,6,7,1,3,1,"One of the ones i had was ""My son attestation when becoming a police officer"" i wasn't sure if it was a typo or not but i'm not sure what the word attestation means (i did google but even after googling i still was not 100% sure what it means) so I just assumed that it meant something positive (i hope my assumption was correct) i really enjoyed this study and wish you luck with your research!"
720,0,99,6732c3c5979c10e6d55dedc7,Shame,4,21,Woman,Undegraduate degree (BA/BSc/other),African,Guilt,4,2,2,2,4,3,1,1,2,1,2,3,3,2,4,2,4,1,4,3,4,6,4,7,6,6,5,7,2,6,1,It a very interesting study that allows you to examine different kinds of moods
721,0,51153,6732c3c5979c10e6d55dedc7,Joy,4,21,Woman,Undegraduate degree (BA/BSc/other),African,Guilt,4,2,3,5,2,3,2,2,4,3,4,4,5,4,4,3,2,4,4,2,5,6,4,7,6,6,5,7,2,6,1,It a very interesting study that allows you to examine different kinds of moods
722,0,468,6732c3c5979c10e6d55dedc7,Disgust,5,21,Woman,Undegraduate degree (BA/BSc/other),African,Guilt,2,5,4,1,5,2,1,1,5,1,4,5,1,3,5,4,5,4,4,4,4,6,4,7,6,6,5,7,2,6,1,It a very interesting study that allows you to examine different kinds of moods
723,0,52420,6732c3c5979c10e6d55dedc7,Joy,5,21,Woman,Undegraduate degree (BA/BSc/other),African,Guilt,3,5,3,5,2,2,4,1,5,2,4,3,4,4,4,3,2,1,4,3,5,6,4,7,6,6,5,7,2,6,1,It a very interesting study that allows you to examine different kinds of moods
724,0,6315,6732c3c5979c10e6d55dedc7,Sadness,4,21,Woman,Undegraduate degree (BA/BSc/other),African,Guilt,4,2,4,1,5,4,2,5,1,4,3,4,4,1,3,4,4,1,5,4,5,6,4,7,6,6,5,7,2,6,1,It a very interesting study that allows you to examine different kinds of moods
725,0,6796,6658c1554c1d2a4e2d02e301,Fear,4,36,Woman,Undegraduate degree (BA/BSc/other),European,Boredom,2,3,4,2,3,4,1,3,3,4,2,3,4,3,2,3,2,2,4,2,4,2,6,6,3,3,5,3,1,4,3,
726,0,52571,6658c1554c1d2a4e2d02e301,Guilt,5,36,Woman,Undegraduate degree (BA/BSc/other),European,Boredom,3,3,3,3,3,2,4,3,4,4,3,4,3,3,2,4,2,2,4,3,4,2,6,6,3,3,5,3,1,4,3,
727,0,5810,6658c1554c1d2a4e2d02e301,Fear,2,36,Woman,Undegraduate degree (BA/BSc/other),European,Boredom,1,5,2,1,5,4,3,3,4,3,1,5,4,5,1,2,3,3,5,4,5,2,6,6,3,3,5,3,1,4,3,
728,0,6154,6658c1554c1d2a4e2d02e301,Anger,1,36,Woman,Undegraduate degree (BA/BSc/other),European,Boredom,2,2,3,1,4,3,2,2,2,3,1,2,2,2,3,2,1,1,4,2,3,2,6,6,3,3,5,3,1,4,3,
729,0,3964,6658c1554c1d2a4e2d02e301,Relief,1,36,Woman,Undegraduate degree (BA/BSc/other),European,Boredom,4,4,4,2,3,4,2,4,4,3,3,4,4,4,2,3,2,3,4,2,4,2,6,6,3,3,5,3,1,4,3,
730,0,3272,5c5cad3e4ee81200018eafe2,Anger,5,75,Woman,High School,European,Trust,3,2,1,1,4,2,1,1,5,3,1,4,1,5,5,3,5,5,3,4,1,3,1,7,1,5,5,7,1,7,2,"The instructions were clear and well laid out. It was a very interesting study to do, thank you"
731,0,6804,5c5cad3e4ee81200018eafe2,Relief,5,75,Woman,High School,European,Trust,3,4,1,1,4,4,2,4,1,2,3,4,2,4,2,2,1,1,5,1,3,3,1,7,1,5,5,7,1,7,2,"The instructions were clear and well laid out. It was a very interesting study to do, thank you"
732,0,6953,5c5cad3e4ee81200018eafe2,Shame,4,75,Woman,High School,European,Trust,2,1,1,1,5,3,1,5,1,3,3,2,5,1,1,2,3,4,3,4,1,3,1,7,1,5,5,7,1,7,2,"The instructions were clear and well laid out. It was a very interesting study to do, thank you"
733,0,51915,5c5cad3e4ee81200018eafe2,Boredom,3,75,Woman,High School,European,Trust,5,4,5,3,2,2,1,1,5,5,2,1,1,5,1,4,1,1,2,1,1,3,1,7,1,5,5,7,1,7,2,"The instructions were clear and well laid out. It was a very interesting study to do, thank you"
734,0,5454,5c5cad3e4ee81200018eafe2,Boredom,5,75,Woman,High School,European,Trust,5,1,5,1,4,3,1,5,1,5,1,2,3,1,1,3,2,1,4,4,1,3,1,7,1,5,5,7,1,7,2,"The instructions were clear and well laid out. It was a very interesting study to do, thank you"
735,0,3302,602b981a69d3542d219a442c,Joy,4,25,Man,High School,African,Joy,5,4,3,5,1,3,5,3,4,2,5,5,2,4,2,5,1,1,2,1,5,4,3,6,2,6,4,7,5,6,5,I enjoyed the study
736,0,51023,602b981a69d3542d219a442c,Guilt,5,25,Man,High School,African,Joy,1,5,1,1,5,2,3,5,1,1,2,5,2,5,2,1,5,5,5,1,5,4,3,6,2,6,4,7,5,6,5,I enjoyed the study
737,0,559,602b981a69d3542d219a442c,Shame,3,25,Man,High School,African,Joy,2,5,4,1,5,4,1,5,1,3,1,4,5,4,1,4,5,2,4,1,4,4,3,6,2,6,4,7,5,6,5,I enjoyed the study
738,0,5149,602b981a69d3542d219a442c,Sadness,4,25,Man,High School,African,Joy,5,1,5,1,5,4,3,4,3,5,2,3,1,4,3,4,2,4,5,3,4,4,3,6,2,6,4,7,5,6,5,I enjoyed the study
739,0,51592,602b981a69d3542d219a442c,Pride,4,25,Man,High School,African,Joy,5,5,3,5,1,3,4,3,4,2,4,3,4,5,3,4,5,3,5,4,4,4,3,6,2,6,4,7,5,6,5,I enjoyed the study
740,0,51687,5c3476a2f5ebd50001841284,Joy,3,43,Man,Graduate degree (MA/MSc/MPhil/other),European,I currently do not feel any emotion,1,1,2,5,1,2,1,4,4,2,3,1,3,4,1,1,1,1,2,1,1,2,2,7,4,5,7,4,1,6,1,
741,0,4594,5c3476a2f5ebd50001841284,Sadness,4,43,Man,Graduate degree (MA/MSc/MPhil/other),European,I currently do not feel any emotion,2,5,2,1,5,4,1,3,5,1,1,1,1,5,1,3,3,1,4,4,3,2,2,7,4,5,7,4,1,6,1,
742,0,3618,5c3476a2f5ebd50001841284,Joy,4,43,Man,Graduate degree (MA/MSc/MPhil/other),European,I currently do not feel any emotion,3,4,3,4,1,4,1,4,4,3,4,1,4,4,1,2,1,1,1,1,1,2,2,7,4,5,7,4,1,6,1,
743,0,52378,5c3476a2f5ebd50001841284,Shame,4,43,Man,Graduate degree (MA/MSc/MPhil/other),European,I currently do not feel any emotion,2,5,2,1,5,1,4,4,1,1,1,5,4,3,1,3,3,2,5,5,4,2,2,7,4,5,7,4,1,6,1,
744,0,51591,5c3476a2f5ebd50001841284,Joy,5,43,Man,Graduate degree (MA/MSc/MPhil/other),European,I currently do not feel any emotion,2,4,2,5,1,4,2,3,5,2,5,2,2,5,1,1,1,1,2,1,1,2,2,7,4,5,7,4,1,6,1,
745,0,52534,66fd4b51cb041accd82a7740,Joy,3,65,Man,High School,European,I currently do not feel any emotion,4,4,5,5,1,2,2,3,4,3,5,5,2,4,3,3,2,1,2,2,2,4,6,6,6,5,2,4,7,5,6,Enjoyed
746,0,52374,66fd4b51cb041accd82a7740,Guilt,4,65,Man,High School,European,I currently do not feel any emotion,2,4,4,1,5,4,2,4,1,4,1,4,4,1,3,4,4,2,4,2,2,4,6,6,6,5,2,4,7,5,6,Enjoyed
747,0,51240,66fd4b51cb041accd82a7740,Surprise,4,65,Man,High School,European,I currently do not feel any emotion,1,4,4,4,1,5,4,5,5,4,4,5,5,3,2,4,2,1,5,2,4,4,6,6,6,5,2,4,7,5,6,Enjoyed
748,0,52598,66fd4b51cb041accd82a7740,Joy,3,65,Man,High School,European,I currently do not feel any emotion,3,4,4,3,1,5,3,5,5,4,4,5,4,3,2,4,2,1,5,1,5,4,6,6,6,5,2,4,7,5,6,Enjoyed
749,0,61094,66fd4b51cb041accd82a7740,Fear,2,65,Man,High School,European,I currently do not feel any emotion,2,3,3,2,4,5,2,1,5,4,2,3,3,5,2,3,3,1,3,2,3,4,6,6,6,5,2,4,7,5,6,Enjoyed
750,0,74,66855ff6755a311dada39b28,Boredom,4,29,Woman,Graduate degree (MA/MSc/MPhil/other),European,Joy,3,4,1,1,4,1,5,1,3,3,1,1,1,5,5,5,5,2,2,3,1,5,4,6,6,6,3,7,5,3,3,
751,0,363,66855ff6755a311dada39b28,Shame,4,29,Woman,Graduate degree (MA/MSc/MPhil/other),European,Joy,5,1,5,1,5,1,1,2,5,3,1,3,3,4,1,3,4,2,2,3,2,5,4,6,6,6,3,7,5,3,3,
752,0,6752,66855ff6755a311dada39b28,Relief,2,29,Woman,Graduate degree (MA/MSc/MPhil/other),European,Joy,3,1,5,3,3,5,1,5,2,5,3,1,4,3,1,3,1,1,3,1,2,5,4,6,6,6,3,7,5,3,3,
753,0,51178,66855ff6755a311dada39b28,Pride,3,29,Woman,Graduate degree (MA/MSc/MPhil/other),European,Joy,1,2,2,5,1,5,1,5,1,3,3,2,4,2,1,3,1,1,4,1,2,5,4,6,6,6,3,7,5,3,3,
754,0,4571,66855ff6755a311dada39b28,Shame,2,29,Woman,Graduate degree (MA/MSc/MPhil/other),European,Joy,3,2,3,1,5,3,1,1,5,2,1,3,2,5,1,1,5,5,5,5,4,5,4,6,6,6,3,7,5,3,3,
755,0,21,665a228b8603f08c660bcc3e,Disgust,2,30,Woman,Graduate degree (MA/MSc/MPhil/other),African,Joy,2,5,1,1,5,1,2,1,5,1,1,1,1,5,2,2,3,4,3,3,4,3,1,7,2,7,5,7,2,7,3,No comments
756,0,26,665a228b8603f08c660bcc3e,Sadness,1,30,Woman,Graduate degree (MA/MSc/MPhil/other),African,Joy,1,5,1,1,5,3,1,3,5,4,1,3,1,5,1,2,5,2,4,2,3,3,1,7,2,7,5,7,2,7,3,No comments
757,0,52648,665a228b8603f08c660bcc3e,Surprise,1,30,Woman,Graduate degree (MA/MSc/MPhil/other),African,Joy,2,3,1,5,1,5,3,3,3,2,2,3,1,5,3,5,3,1,3,1,3,3,1,7,2,7,5,7,2,7,3,No comments
758,0,52859,665a228b8603f08c660bcc3e,Relief,1,30,Woman,Graduate degree (MA/MSc/MPhil/other),African,Joy,2,4,2,4,1,4,2,5,3,2,5,3,3,4,1,3,1,1,4,2,2,3,1,7,2,7,5,7,2,7,3,No comments
759,0,51053,665a228b8603f08c660bcc3e,Trust,1,30,Woman,Graduate degree (MA/MSc/MPhil/other),African,Joy,3,1,5,4,1,3,1,1,3,4,4,4,4,2,1,4,1,1,4,1,3,3,1,7,2,7,5,7,2,7,3,No comments
760,0,6729,5dfb7cbd01423f8a774d893b,Relief,5,73,Man,Graduate degree (MA/MSc/MPhil/other),European,Joy,4,1,3,4,2,5,4,1,1,1,5,1,1,1,4,5,4,1,5,1,5,5,1,7,1,7,1,7,1,7,1,Interesting and well presented study
761,0,41583,5dfb7cbd01423f8a774d893b,Sadness,2,73,Man,Graduate degree (MA/MSc/MPhil/other),European,Joy,3,1,3,1,5,4,1,5,4,3,1,4,5,5,1,3,4,1,5,1,3,5,1,7,1,7,1,7,1,7,1,Interesting and well presented study
762,0,6161,5dfb7cbd01423f8a774d893b,Joy,1,73,Man,Graduate degree (MA/MSc/MPhil/other),European,Joy,5,1,5,5,1,4,1,4,4,5,5,3,3,4,1,1,1,1,4,1,3,5,1,7,1,7,1,7,1,7,1,Interesting and well presented study
763,0,6235,5dfb7cbd01423f8a774d893b,Sadness,1,73,Man,Graduate degree (MA/MSc/MPhil/other),European,Joy,1,5,1,1,5,1,4,4,1,1,1,4,3,1,5,3,5,1,5,4,4,5,1,7,1,7,1,7,1,7,1,Interesting and well presented study
764,0,51227,5dfb7cbd01423f8a774d893b,Pride,2,73,Man,Graduate degree (MA/MSc/MPhil/other),European,Joy,4,3,2,5,1,5,4,5,4,2,5,5,3,5,1,5,2,1,4,1,3,5,1,7,1,7,1,7,1,7,1,Interesting and well presented study
765,0,4170,677410d169e5abd5714442f1,Boredom,3,30,Man,Undegraduate degree (BA/BSc/other),African,Joy,4,1,4,3,5,4,4,4,4,4,4,4,5,4,4,5,4,4,4,5,4,5,5,6,5,5,6,6,6,6,6,
766,0,5371,677410d169e5abd5714442f1,Joy,3,30,Man,Undegraduate degree (BA/BSc/other),African,Joy,4,3,3,4,5,3,3,4,4,4,4,4,4,4,4,4,5,4,4,4,4,5,5,6,5,5,6,6,6,6,6,
767,0,5247,677410d169e5abd5714442f1,Joy,3,30,Man,Undegraduate degree (BA/BSc/other),African,Joy,3,1,4,5,1,3,4,5,2,3,4,3,2,1,2,2,2,2,2,2,3,5,5,6,5,5,6,6,6,6,6,
768,0,5524,677410d169e5abd5714442f1,Anger,1,30,Man,Undegraduate degree (BA/BSc/other),African,Joy,3,2,3,3,2,3,3,3,3,3,3,3,3,3,3,4,4,4,4,4,3,5,5,6,5,5,6,6,6,6,6,
769,0,31177,677410d169e5abd5714442f1,Anger,3,30,Man,Undegraduate degree (BA/BSc/other),African,Joy,2,3,2,3,3,3,3,3,3,3,3,3,3,3,3,3,3,3,3,4,3,5,5,6,5,5,6,6,6,6,6,
770,0,41343,66e4970deb6632c346bf3982,Pride,4,37,Woman,Undegraduate degree (BA/BSc/other),European,Boredom,3,2,4,5,1,2,1,5,1,5,5,1,1,3,1,1,1,1,4,1,2,5,5,4,6,5,2,4,5,4,3,
771,0,3639,66e4970deb6632c346bf3982,Boredom,1,37,Woman,Undegraduate degree (BA/BSc/other),European,Boredom,1,5,2,3,3,5,1,5,3,5,5,3,3,3,3,2,2,2,5,3,4,5,5,4,6,5,2,4,5,4,3,
772,0,4842,66e4970deb6632c346bf3982,Joy,4,37,Woman,Undegraduate degree (BA/BSc/other),European,Boredom,3,4,3,5,1,4,2,3,3,4,5,4,3,2,4,5,1,1,3,3,3,5,5,4,6,5,2,4,5,4,3,
773,0,86,66e4970deb6632c346bf3982,Pride,4,37,Woman,Undegraduate degree (BA/BSc/other),European,Boredom,1,1,5,5,1,5,1,5,1,5,5,1,5,3,1,1,1,1,1,1,3,5,5,4,6,5,2,4,5,4,3,
774,0,5568,66e4970deb6632c346bf3982,Fear,3,37,Woman,Undegraduate degree (BA/BSc/other),European,Boredom,1,5,1,1,5,5,5,2,5,5,1,5,1,5,5,1,5,5,5,5,5,5,5,4,6,5,2,4,5,4,3,
775,0,51287,67ad0cc9f3a3feb73e22852d,Joy,1,21,Woman,High School,North American,Trust,5,2,4,5,1,4,1,1,1,4,5,4,5,1,1,2,1,1,5,2,5,7,1,6,1,7,5,7,1,6,1,Everything is cool.
776,0,51598,67ad0cc9f3a3feb73e22852d,Joy,1,21,Woman,High School,North American,Trust,5,2,2,5,1,5,2,1,1,1,1,1,4,2,1,1,1,1,5,1,5,7,1,6,1,7,5,7,1,6,1,Everything is cool.
777,0,3538,67ad0cc9f3a3feb73e22852d,Joy,1,21,Woman,High School,North American,Trust,5,1,4,5,1,5,2,1,1,4,5,4,5,4,1,1,2,1,5,1,5,7,1,6,1,7,5,7,1,6,1,Everything is cool.
778,0,41857,67ad0cc9f3a3feb73e22852d,Boredom,1,21,Woman,High School,North American,Trust,1,4,1,1,5,4,4,1,1,5,4,4,4,4,2,5,4,1,5,5,3,7,1,6,1,7,5,7,1,6,1,Everything is cool.
779,0,6337,67ad0cc9f3a3feb73e22852d,Sadness,1,21,Woman,High School,North American,Trust,1,1,3,1,5,4,2,1,1,4,5,1,5,2,1,4,4,1,1,4,2,7,1,6,1,7,5,7,1,6,1,Everything is cool.
780,0,52441,5a9c41f2dbdb470001eeef9c,Joy,3,49,Woman,Graduate degree (MA/MSc/MPhil/other),European,Boredom,1,5,1,4,3,4,1,1,5,2,3,3,1,5,1,4,3,3,5,2,4,5,3,2,7,6,5,6,6,3,1,"Some of the examples didn't really describe an event so it was difficult to assess the emotions contained, for example one just read ""Today I was at home""."
781,0,6170,5a9c41f2dbdb470001eeef9c,Boredom,4,49,Woman,Graduate degree (MA/MSc/MPhil/other),European,Boredom,5,3,5,3,3,2,1,2,3,4,4,2,4,1,1,4,1,1,2,1,1,5,3,2,7,6,5,6,6,3,1,"Some of the examples didn't really describe an event so it was difficult to assess the emotions contained, for example one just read ""Today I was at home""."
782,0,52777,5a9c41f2dbdb470001eeef9c,Relief,2,49,Woman,Graduate degree (MA/MSc/MPhil/other),European,Boredom,2,1,2,5,1,5,2,3,5,4,4,1,4,5,1,3,1,1,5,1,3,5,3,2,7,6,5,6,6,3,1,"Some of the examples didn't really describe an event so it was difficult to assess the emotions contained, for example one just read ""Today I was at home""."
783,0,52312,5a9c41f2dbdb470001eeef9c,Guilt,1,49,Woman,Graduate degree (MA/MSc/MPhil/other),European,Boredom,3,5,3,1,5,2,1,3,5,4,1,4,3,5,3,3,5,4,5,5,5,5,3,2,7,6,5,6,6,3,1,"Some of the examples didn't really describe an event so it was difficult to assess the emotions contained, for example one just read ""Today I was at home""."
784,0,5920,5a9c41f2dbdb470001eeef9c,Fear,1,49,Woman,Graduate degree (MA/MSc/MPhil/other),European,Boredom,1,5,1,1,5,2,4,2,5,1,1,4,4,5,2,3,5,3,5,5,5,5,3,2,7,6,5,6,6,3,1,"Some of the examples didn't really describe an event so it was difficult to assess the emotions contained, for example one just read ""Today I was at home""."
785,0,822,67927a8f03e4f9cd8de6e7da,Disgust,4,24,Man,Graduate degree (MA/MSc/MPhil/other),North American,Boredom,2,5,1,1,5,5,4,1,5,4,5,5,5,5,2,3,3,1,5,5,5,6,5,7,2,6,7,7,1,5,1,N/A
786,0,4780,67927a8f03e4f9cd8de6e7da,Pride,2,24,Man,Graduate degree (MA/MSc/MPhil/other),North American,Boredom,4,5,1,4,5,4,2,4,5,4,5,4,4,5,4,3,4,5,5,5,4,6,5,7,2,6,7,7,1,5,1,N/A
787,0,5603,67927a8f03e4f9cd8de6e7da,Disgust,5,24,Man,Graduate degree (MA/MSc/MPhil/other),North American,Boredom,5,4,4,1,5,1,5,1,5,5,1,5,2,5,4,4,5,5,5,5,5,6,5,7,2,6,7,7,1,5,1,N/A
788,0,31347,67927a8f03e4f9cd8de6e7da,Pride,3,24,Man,Graduate degree (MA/MSc/MPhil/other),North American,Boredom,3,4,5,5,1,4,5,5,5,5,5,5,5,4,5,4,4,5,5,5,4,6,5,7,2,6,7,7,1,5,1,N/A
789,0,52578,67927a8f03e4f9cd8de6e7da,Relief,4,24,Man,Graduate degree (MA/MSc/MPhil/other),North American,Boredom,2,3,1,5,1,5,5,2,4,4,2,5,5,4,4,4,4,5,5,5,5,6,5,7,2,6,7,7,1,5,1,N/A
790,0,454,651abcc13ecbad9f2062ac4f,Disgust,4,57,Man,High School,European,Trust,5,1,4,1,3,1,1,5,5,3,1,2,1,3,2,1,3,1,2,3,4,4,2,6,1,6,4,6,2,6,3,"A good interesting study, would have like to know how my answers compared to others at the end of the study."
791,0,6836,651abcc13ecbad9f2062ac4f,Anger,4,57,Man,High School,European,Trust,1,3,2,1,5,5,1,1,5,2,4,2,1,5,1,2,2,1,2,1,2,4,2,6,1,6,4,6,2,6,3,"A good interesting study, would have like to know how my answers compared to others at the end of the study."
792,0,31180,651abcc13ecbad9f2062ac4f,Disgust,3,57,Man,High School,European,Trust,1,3,1,1,5,1,1,1,5,1,2,1,1,5,1,1,1,1,2,2,1,4,2,6,1,6,4,6,2,6,3,"A good interesting study, would have like to know how my answers compared to others at the end of the study."
793,0,6907,651abcc13ecbad9f2062ac4f,Sadness,5,57,Man,High School,European,Trust,1,5,1,1,5,2,5,1,2,1,1,4,1,2,5,1,2,1,3,2,2,4,2,6,1,6,4,6,2,6,3,"A good interesting study, would have like to know how my answers compared to others at the end of the study."
794,0,7179,651abcc13ecbad9f2062ac4f,Anger,4,57,Man,High School,European,Trust,1,5,1,1,5,2,1,1,5,1,1,4,2,5,1,2,2,1,5,2,1,4,2,6,1,6,4,6,2,6,3,"A good interesting study, would have like to know how my answers compared to others at the end of the study."
795,0,51835,67d1bd56443fbe8de408eac9,Fear,1,22,Man,Undegraduate degree (BA/BSc/other),African,Boredom,5,1,5,1,5,3,1,1,5,5,1,5,1,5,1,3,5,5,5,3,5,2,1,7,3,6,7,7,1,7,1,liked it
796,0,6204,67d1bd56443fbe8de408eac9,Relief,1,22,Man,Undegraduate degree (BA/BSc/other),African,Boredom,1,3,4,1,1,4,5,1,1,5,5,5,3,1,1,4,3,1,5,5,3,2,1,7,3,6,7,7,1,7,1,liked it
797,0,7143,67d1bd56443fbe8de408eac9,Surprise,1,22,Man,Undegraduate degree (BA/BSc/other),African,Boredom,4,5,5,5,1,5,5,2,2,5,5,5,5,1,5,4,5,1,5,4,5,2,1,7,3,6,7,7,1,7,1,liked it
798,0,2144,67d1bd56443fbe8de408eac9,Joy,1,22,Man,Undegraduate degree (BA/BSc/other),African,Boredom,4,4,5,5,1,5,3,4,1,5,5,5,5,4,1,4,1,1,5,1,5,2,1,7,3,6,7,7,1,7,1,liked it
799,0,4337,67d1bd56443fbe8de408eac9,Pride,1,22,Man,Undegraduate degree (BA/BSc/other),African,Boredom,1,5,1,5,1,4,3,5,1,5,5,5,5,1,3,2,1,1,5,1,1,2,1,7,3,6,7,7,1,7,1,liked it
800,0,7200,676a594831206acda80b5746,Surprise,2,32,Woman,Undegraduate degree (BA/BSc/other),African,Joy,2,3,3,2,5,3,3,4,5,3,4,5,4,3,2,4,4,5,5,3,5,6,1,7,1,7,7,7,1,7,2,Everything went well 
801,0,3211,676a594831206acda80b5746,Disgust,1,32,Woman,Undegraduate degree (BA/BSc/other),African,Joy,5,5,5,1,5,3,5,2,5,3,4,5,4,4,4,3,4,3,5,4,5,6,1,7,1,7,7,7,1,7,2,Everything went well 
802,0,3586,676a594831206acda80b5746,Relief,2,32,Woman,Undegraduate degree (BA/BSc/other),African,Joy,5,2,5,5,3,5,5,5,4,5,5,5,5,3,3,3,1,1,5,4,5,6,1,7,1,7,7,7,1,7,2,Everything went well 
803,0,52520,676a594831206acda80b5746,Surprise,1,32,Woman,Undegraduate degree (BA/BSc/other),African,Joy,5,5,4,5,1,5,5,5,1,4,5,5,5,5,5,4,3,1,5,4,5,6,1,7,1,7,7,7,1,7,2,Everything went well 
804,0,689,676a594831206acda80b5746,Anger,2,32,Woman,Undegraduate degree (BA/BSc/other),African,Joy,4,5,3,2,3,5,4,5,3,5,5,5,3,3,4,4,4,4,5,4,5,6,1,7,1,7,7,7,1,7,2,Everything went well 
805,0,52116,67d2db2db3acb3ffc7068454,Boredom,1,51,Woman,Undegraduate degree (BA/BSc/other),North American,Pride,1,1,3,1,5,3,5,1,3,3,1,5,1,3,3,3,4,1,4,5,1,6,4,4,1,1,6,1,1,1,1,the questions were a bit challenging but answerable
806,0,41835,67d2db2db3acb3ffc7068454,Trust,5,51,Woman,Undegraduate degree (BA/BSc/other),North American,Pride,4,4,1,4,1,5,3,1,4,1,4,4,4,5,1,3,1,1,3,1,4,6,4,4,1,1,6,1,1,1,1,the questions were a bit challenging but answerable
807,0,5109,67d2db2db3acb3ffc7068454,Guilt,1,51,Woman,Undegraduate degree (BA/BSc/other),North American,Pride,1,5,1,1,5,3,4,1,1,1,1,4,1,4,4,4,3,3,4,1,1,6,4,4,1,1,6,1,1,1,1,the questions were a bit challenging but answerable
808,0,6290,67d2db2db3acb3ffc7068454,Anger,2,51,Woman,Undegraduate degree (BA/BSc/other),North American,Pride,4,1,1,1,5,1,4,1,5,4,1,4,3,4,1,4,5,5,3,4,1,6,4,4,1,1,6,1,1,1,1,the questions were a bit challenging but answerable
809,0,52895,67d2db2db3acb3ffc7068454,Joy,1,51,Woman,Undegraduate degree (BA/BSc/other),North American,Pride,1,5,1,5,1,4,4,1,4,1,4,1,4,4,3,1,4,1,4,1,1,6,4,4,1,1,6,1,1,1,1,the questions were a bit challenging but answerable
810,0,31285,67d6838d9d907f59aef03ac5,Joy,5,24,Woman,Undegraduate degree (BA/BSc/other),North American,Joy,1,5,1,5,1,5,5,3,5,5,5,5,5,2,5,5,1,5,5,1,2,5,3,7,5,3,7,6,2,7,5,"I liked it very much.
"
811,0,3546,67d6838d9d907f59aef03ac5,Pride,5,24,Woman,Undegraduate degree (BA/BSc/other),North American,Joy,2,5,4,5,1,5,5,5,3,5,5,5,5,3,2,2,1,1,5,1,5,5,3,7,5,3,7,6,2,7,5,"I liked it very much.
"
812,0,3975,67d6838d9d907f59aef03ac5,Relief,5,24,Woman,Undegraduate degree (BA/BSc/other),North American,Joy,1,5,5,5,1,5,5,5,5,5,5,5,5,4,2,2,1,1,4,1,4,5,3,7,5,3,7,6,2,7,5,"I liked it very much.
"
813,0,6320,67d6838d9d907f59aef03ac5,Shame,5,24,Woman,Undegraduate degree (BA/BSc/other),North American,Joy,5,5,2,1,5,5,5,5,1,5,1,5,5,1,1,5,5,5,5,5,5,5,3,7,5,3,7,6,2,7,5,"I liked it very much.
"
814,0,6864,67d6838d9d907f59aef03ac5,Sadness,5,24,Woman,Undegraduate degree (BA/BSc/other),North American,Joy,1,5,1,1,5,5,5,1,5,5,1,5,4,5,5,5,5,5,5,5,5,5,3,7,5,3,7,6,2,7,5,"I liked it very much.
"
815,0,5577,60ec17bbca621383f7703474,Anger,4,24,Man,Undegraduate degree (BA/BSc/other),Australian/New Zealander,Relief,4,3,4,1,5,3,2,2,5,3,3,3,2,5,2,2,3,3,4,3,3,2,6,5,6,5,7,6,2,3,2,
816,0,6968,60ec17bbca621383f7703474,Fear,5,24,Man,Undegraduate degree (BA/BSc/other),Australian/New Zealander,Relief,2,4,1,1,5,4,1,2,5,1,1,5,1,5,1,3,2,1,5,3,4,2,6,5,6,5,7,6,2,3,2,
817,0,3467,60ec17bbca621383f7703474,Joy,1,24,Man,Undegraduate degree (BA/BSc/other),Australian/New Zealander,Relief,1,1,4,4,2,1,1,4,4,2,4,2,5,5,1,1,1,1,5,1,3,2,6,5,6,5,7,6,2,3,2,
818,0,31179,60ec17bbca621383f7703474,Guilt,4,24,Man,Undegraduate degree (BA/BSc/other),Australian/New Zealander,Relief,1,1,4,2,4,4,1,5,1,3,5,3,4,1,1,5,3,2,3,1,2,2,6,5,6,5,7,6,2,3,2,
819,0,52827,60ec17bbca621383f7703474,Fear,3,24,Man,Undegraduate degree (BA/BSc/other),Australian/New Zealander,Relief,1,4,2,1,5,5,1,2,5,1,2,5,2,5,1,3,4,4,5,2,3,2,6,5,6,5,7,6,2,3,2,
820,0,6716,678feebbb2dee078f0fc0146,Pride,1,54,Man,Undegraduate degree (BA/BSc/other),European,Trust,3,2,4,3,3,4,1,1,3,4,4,2,2,4,3,4,2,1,3,2,3,3,4,6,2,6,5,6,2,6,5,
821,0,52015,678feebbb2dee078f0fc0146,Surprise,2,54,Man,Undegraduate degree (BA/BSc/other),European,Trust,4,4,1,4,1,4,2,3,4,2,4,3,4,3,1,3,1,1,3,2,3,3,4,6,2,6,5,6,2,6,5,
822,0,2228,678feebbb2dee078f0fc0146,Relief,1,54,Man,Undegraduate degree (BA/BSc/other),European,Trust,4,3,3,2,3,4,1,3,1,4,4,4,4,2,1,3,1,1,5,2,4,3,4,6,2,6,5,6,2,6,5,
823,0,52458,678feebbb2dee078f0fc0146,Joy,2,54,Man,Undegraduate degree (BA/BSc/other),European,Trust,2,3,1,2,4,4,1,4,4,2,1,3,4,4,1,4,1,1,4,2,4,3,4,6,2,6,5,6,2,6,5,
824,0,3923,678feebbb2dee078f0fc0146,Relief,1,54,Man,Undegraduate degree (BA/BSc/other),European,Trust,2,3,2,4,2,4,2,3,2,2,4,3,2,1,1,4,1,1,3,1,3,3,4,6,2,6,5,6,2,6,5,
825,0,781,66bbafb05de7e549455aa4ff,Pride,2,46,Man,Undegraduate degree (BA/BSc/other),European,I currently do not feel any emotion,2,1,3,5,1,2,1,3,5,3,4,1,3,5,1,4,1,5,3,1,2,4,3,5,2,4,1,5,3,6,3,
826,0,3143,66bbafb05de7e549455aa4ff,Boredom,4,46,Man,Undegraduate degree (BA/BSc/other),European,I currently do not feel any emotion,5,1,4,3,3,1,1,4,2,1,1,1,3,1,1,4,2,1,2,2,1,4,3,5,2,4,1,5,3,6,3,
827,0,51595,66bbafb05de7e549455aa4ff,Joy,4,46,Man,Undegraduate degree (BA/BSc/other),European,I currently do not feel any emotion,2,1,4,5,1,5,1,5,2,5,5,2,4,1,1,4,1,1,3,1,3,4,3,5,2,4,1,5,3,6,3,
828,0,3864,66bbafb05de7e549455aa4ff,Surprise,4,46,Man,Undegraduate degree (BA/BSc/other),European,I currently do not feel any emotion,2,5,2,3,1,3,1,2,5,4,2,4,2,4,1,4,1,1,5,1,4,4,3,5,2,4,1,5,3,6,3,
829,0,5210,66bbafb05de7e549455aa4ff,Sadness,5,46,Man,Undegraduate degree (BA/BSc/other),European,I currently do not feel any emotion,3,4,2,1,5,4,1,2,5,4,1,4,2,5,1,3,4,3,4,4,5,4,3,5,2,4,1,5,3,6,3,
830,0,4814,5d9b4d9d6cb1870018ba1a27,Joy,4,31,Man,High School,European,Joy,2,2,3,5,1,3,2,4,3,3,3,2,4,2,2,4,2,1,3,1,3,5,3,6,2,4,3,7,1,6,3,
831,0,31207,5d9b4d9d6cb1870018ba1a27,Surprise,5,31,Man,High School,European,Joy,2,2,1,5,1,4,4,3,5,3,5,1,1,4,1,3,1,1,2,1,2,5,3,6,2,4,3,7,1,6,3,
832,0,51946,5d9b4d9d6cb1870018ba1a27,Relief,3,31,Man,High School,European,Joy,1,3,2,3,3,4,3,5,3,4,2,2,4,2,1,3,3,1,4,1,3,5,3,6,2,4,3,7,1,6,3,
833,0,3401,5d9b4d9d6cb1870018ba1a27,Surprise,5,31,Man,High School,European,Joy,2,4,1,1,5,1,2,1,1,1,1,2,1,1,5,3,2,1,3,2,3,5,3,6,2,4,3,7,1,6,3,
834,0,41871,5d9b4d9d6cb1870018ba1a27,Trust,4,31,Man,High School,European,Joy,2,1,2,3,1,3,1,3,3,2,4,2,4,4,1,1,2,1,4,1,3,5,3,6,2,4,3,7,1,6,3,
835,0,41128,5d5bbd713348d20019c7e832,Relief,4,36,Man,Graduate degree (MA/MSc/MPhil/other),European,Pride,2,1,4,4,2,5,1,5,2,4,4,3,4,3,1,5,1,1,5,2,4,2,3,5,1,5,5,3,5,6,5,
836,0,553,5d5bbd713348d20019c7e832,Anger,3,36,Man,Graduate degree (MA/MSc/MPhil/other),European,Pride,2,4,1,1,4,3,3,3,5,2,1,4,2,5,2,3,4,4,4,4,4,2,3,5,1,5,5,3,5,6,5,
837,0,2158,5d5bbd713348d20019c7e832,Relief,4,36,Man,Graduate degree (MA/MSc/MPhil/other),European,Pride,1,2,2,2,4,5,2,4,3,4,3,3,3,4,2,4,2,1,4,4,3,2,3,5,1,5,5,3,5,6,5,
838,0,6192,5d5bbd713348d20019c7e832,Boredom,4,36,Man,Graduate degree (MA/MSc/MPhil/other),European,Pride,1,3,2,1,4,3,3,3,3,2,1,1,1,4,3,3,4,3,4,4,3,2,3,5,1,5,5,3,5,6,5,
839,0,5691,5d5bbd713348d20019c7e832,Disgust,3,36,Man,Graduate degree (MA/MSc/MPhil/other),European,Pride,1,4,2,1,5,5,2,2,5,2,1,5,3,5,2,2,5,5,5,5,5,2,3,5,1,5,5,3,5,6,5,
840,0,2195,653ea4811222027f5d0c5982,Surprise,2,27,Woman,Graduate degree (MA/MSc/MPhil/other),East Asian,Boredom,2,2,2,5,1,3,2,4,2,2,5,3,4,3,3,4,3,1,4,1,3,4,2,5,2,5,5,5,2,6,7,
841,0,41830,653ea4811222027f5d0c5982,Guilt,3,27,Woman,Graduate degree (MA/MSc/MPhil/other),East Asian,Boredom,3,5,2,2,4,4,2,3,4,2,3,4,4,3,3,3,3,3,5,2,4,4,2,5,2,5,5,5,2,6,7,
842,0,52004,653ea4811222027f5d0c5982,Joy,2,27,Woman,Graduate degree (MA/MSc/MPhil/other),East Asian,Boredom,3,2,3,5,1,2,2,5,4,4,4,5,5,4,2,4,1,1,5,1,2,4,2,5,2,5,5,5,2,6,7,
843,0,51922,653ea4811222027f5d0c5982,Relief,2,27,Woman,Graduate degree (MA/MSc/MPhil/other),East Asian,Boredom,2,2,3,5,1,5,2,4,4,4,5,4,4,4,2,4,1,1,4,1,3,4,2,5,2,5,5,5,2,6,7,
844,0,41311,653ea4811222027f5d0c5982,Joy,2,27,Woman,Graduate degree (MA/MSc/MPhil/other),East Asian,Boredom,2,4,2,5,1,5,3,4,4,4,3,5,4,4,2,4,1,1,5,1,4,4,2,5,2,5,5,5,2,6,7,
845,0,41299,678d702b1b04e7a307fdfde5,Pride,4,37,Man,Graduate degree (MA/MSc/MPhil/other),North American,Relief,4,2,3,2,2,4,2,1,4,4,5,2,4,3,3,4,2,1,4,2,3,5,1,7,2,4,1,5,1,6,4,
846,0,51738,678d702b1b04e7a307fdfde5,Joy,4,37,Man,Graduate degree (MA/MSc/MPhil/other),North American,Relief,2,1,2,5,1,4,3,4,1,4,4,2,4,1,2,5,1,1,4,2,4,5,1,7,2,4,1,5,1,6,4,
847,0,52596,678d702b1b04e7a307fdfde5,Anger,4,37,Man,Graduate degree (MA/MSc/MPhil/other),North American,Relief,1,5,1,2,5,3,4,1,5,4,2,4,3,3,1,4,4,4,4,4,5,5,1,7,2,4,1,5,1,6,4,
848,0,52709,678d702b1b04e7a307fdfde5,Trust,2,37,Man,Graduate degree (MA/MSc/MPhil/other),North American,Relief,2,4,4,4,1,3,4,4,3,4,4,1,4,1,2,2,3,2,4,1,5,5,1,7,2,4,1,5,1,6,4,
849,0,52857,678d702b1b04e7a307fdfde5,Trust,3,37,Man,Graduate degree (MA/MSc/MPhil/other),North American,Relief,4,4,4,4,1,4,4,3,2,4,4,4,4,1,2,3,1,1,4,4,3,5,1,7,2,4,1,5,1,6,4,
850,0,41260,60b7e1bcfe148de04d17624b,Sadness,5,29,Woman,Undegraduate degree (BA/BSc/other),African,Boredom,5,1,1,5,1,1,3,5,3,1,5,1,1,1,5,3,5,1,5,1,5,1,1,7,7,7,5,7,1,4,1,very interesting study and intersting stiries
851,0,31154,60b7e1bcfe148de04d17624b,Anger,5,29,Woman,Undegraduate degree (BA/BSc/other),African,Boredom,1,5,1,1,5,3,1,5,5,3,5,5,1,4,1,1,5,5,5,5,1,1,1,7,7,7,5,7,1,4,1,very interesting study and intersting stiries
852,0,31181,60b7e1bcfe148de04d17624b,Joy,5,29,Woman,Undegraduate degree (BA/BSc/other),African,Boredom,5,5,5,5,1,5,5,1,1,5,5,1,1,1,5,1,1,1,5,1,5,1,1,7,7,7,5,7,1,4,1,very interesting study and intersting stiries
853,0,510,60b7e1bcfe148de04d17624b,Sadness,5,29,Woman,Undegraduate degree (BA/BSc/other),African,Boredom,5,5,1,1,5,5,1,1,5,5,5,5,1,5,1,5,5,1,5,5,3,1,1,7,7,7,5,7,1,4,1,very interesting study and intersting stiries
854,0,52046,60b7e1bcfe148de04d17624b,Relief,5,29,Woman,Undegraduate degree (BA/BSc/other),African,Boredom,1,5,1,1,5,5,1,5,5,5,5,5,1,5,1,5,5,1,5,1,5,1,1,7,7,7,5,7,1,4,1,very interesting study and intersting stiries
855,0,41835,6752e1980dcfbca68df8455e,Pride,4,23,Man,Graduate degree (MA/MSc/MPhil/other),African,Anger,4,1,3,4,1,3,4,2,4,3,4,2,4,2,4,3,2,1,2,3,3,5,3,6,5,5,2,4,5,4,1,
856,0,3836,6752e1980dcfbca68df8455e,Trust,5,23,Man,Graduate degree (MA/MSc/MPhil/other),African,Anger,3,4,2,1,3,3,2,3,5,2,4,5,2,4,2,3,1,3,4,3,3,5,3,6,5,5,2,4,5,4,1,
857,0,6290,6752e1980dcfbca68df8455e,Anger,5,23,Man,Graduate degree (MA/MSc/MPhil/other),African,Anger,1,1,2,1,5,3,4,3,2,4,2,1,4,3,2,4,2,4,2,3,3,5,3,6,5,5,2,4,5,4,1,
858,0,5149,6752e1980dcfbca68df8455e,Sadness,3,23,Man,Graduate degree (MA/MSc/MPhil/other),African,Anger,2,3,3,2,4,2,3,2,3,2,3,4,2,4,3,4,2,3,4,3,3,5,3,6,5,5,2,4,5,4,1,
859,0,26,6752e1980dcfbca68df8455e,Anger,5,23,Man,Graduate degree (MA/MSc/MPhil/other),African,Anger,2,4,3,2,4,3,2,4,5,1,2,4,3,1,3,5,4,2,4,2,4,5,3,6,5,5,2,4,5,4,1,
860,0,5603,6727ea3905ae5d0d2cb5180c,Guilt,4,39,Woman,High School,European,Sadness,3,4,3,1,5,2,2,1,5,4,1,4,3,5,1,4,4,5,4,4,4,5,4,4,7,5,2,6,4,3,5,
861,0,3923,6727ea3905ae5d0d2cb5180c,Relief,4,39,Woman,High School,European,Sadness,3,1,3,5,1,5,3,5,1,5,4,3,4,1,1,4,1,1,5,2,4,5,4,4,7,5,2,6,4,3,5,
862,0,52598,6727ea3905ae5d0d2cb5180c,Surprise,3,39,Woman,High School,European,Sadness,2,3,4,3,3,5,5,5,5,5,3,4,4,1,1,3,1,1,5,3,5,5,4,4,7,5,2,6,4,3,5,
863,0,525,6727ea3905ae5d0d2cb5180c,Anger,4,39,Woman,High School,European,Sadness,4,4,3,1,5,2,1,1,5,4,1,1,2,5,2,4,5,5,3,4,4,5,4,4,7,5,2,6,4,3,5,
864,0,51023,6727ea3905ae5d0d2cb5180c,Guilt,5,39,Woman,High School,European,Sadness,2,5,3,1,5,3,1,5,1,3,1,3,5,2,1,2,5,4,3,4,3,5,4,4,7,5,2,6,4,3,5,
865,0,52709,66c22e069fabb04bc1d45d11,Surprise,4,28,Gender Variant / Non-Conforming / Non-binary,High School,North American,Boredom,2,4,2,3,3,3,1,4,3,2,1,4,4,5,2,2,3,2,4,3,3,4,6,6,7,5,3,5,4,3,3,
866,0,51139,66c22e069fabb04bc1d45d11,Joy,4,28,Gender Variant / Non-Conforming / Non-binary,High School,North American,Boredom,2,2,5,5,1,4,2,4,2,5,5,3,5,3,1,2,1,1,4,1,3,4,6,6,7,5,3,5,4,3,3,
867,0,6879,66c22e069fabb04bc1d45d11,Anger,4,28,Gender Variant / Non-Conforming / Non-binary,High School,North American,Boredom,1,4,1,1,5,5,1,1,5,2,3,5,2,5,1,1,5,3,5,5,5,4,6,6,7,5,3,5,4,3,3,
868,0,720,66c22e069fabb04bc1d45d11,Sadness,4,28,Gender Variant / Non-Conforming / Non-binary,High School,North American,Boredom,5,1,4,1,5,3,1,1,5,4,1,3,2,5,1,3,5,1,2,5,2,4,6,6,7,5,3,5,4,3,3,
869,0,5609,66c22e069fabb04bc1d45d11,Fear,5,28,Gender Variant / Non-Conforming / Non-binary,High School,North American,Boredom,1,5,1,1,5,2,1,1,5,2,1,5,2,5,1,3,3,1,4,5,3,4,6,6,7,5,3,5,4,3,3,
870,0,51240,663127d07fb81f5532bcfdad,Surprise,3,55,Woman,High School,Other,I currently do not feel any emotion,1,3,1,3,1,4,1,3,1,1,4,2,3,3,1,4,2,1,2,1,1,4,2,5,2,5,6,6,2,5,2,
871,0,614,663127d07fb81f5532bcfdad,Disgust,3,55,Woman,High School,Other,I currently do not feel any emotion,1,2,2,1,1,3,3,1,4,2,2,3,1,4,4,4,4,4,3,4,1,4,2,5,2,5,6,6,2,5,2,
872,0,4592,663127d07fb81f5532bcfdad,Fear,4,55,Woman,High School,Other,I currently do not feel any emotion,1,3,4,1,4,1,1,3,1,3,1,1,1,3,1,1,1,1,2,4,1,4,2,5,2,5,6,6,2,5,2,
873,0,99,663127d07fb81f5532bcfdad,Sadness,3,55,Woman,High School,Other,I currently do not feel any emotion,2,1,3,1,4,3,1,4,1,2,1,4,2,1,4,3,3,3,3,4,2,4,2,5,2,5,6,6,2,5,2,
874,0,3605,663127d07fb81f5532bcfdad,Joy,4,55,Woman,High School,Other,I currently do not feel any emotion,3,3,4,5,1,3,3,5,1,3,4,2,4,4,1,1,1,1,5,1,2,4,2,5,2,5,6,6,2,5,2,
875,0,468,62f3b543dce069211e8e982c,Anger,4,65,Man,Undegraduate degree (BA/BSc/other),European,I currently do not feel any emotion,1,4,2,1,5,4,1,2,5,3,1,4,1,5,1,2,5,4,5,3,4,4,3,5,3,6,4,6,3,5,4,"All good, but I found the fifth ""life event"" rather too vague to comment much upon"
876,0,52373,62f3b543dce069211e8e982c,Sadness,4,65,Man,Undegraduate degree (BA/BSc/other),European,I currently do not feel any emotion,3,3,3,1,5,3,2,4,1,3,2,2,5,1,1,5,3,1,4,3,2,4,3,5,3,6,4,6,3,5,4,"All good, but I found the fifth ""life event"" rather too vague to comment much upon"
877,0,3538,62f3b543dce069211e8e982c,Joy,4,65,Man,Undegraduate degree (BA/BSc/other),European,I currently do not feel any emotion,1,2,3,5,1,4,2,4,2,4,5,4,4,2,1,5,1,1,4,1,3,4,3,5,3,6,4,6,3,5,4,"All good, but I found the fifth ""life event"" rather too vague to comment much upon"
878,0,6422,62f3b543dce069211e8e982c,Guilt,4,65,Man,Undegraduate degree (BA/BSc/other),European,I currently do not feel any emotion,1,4,3,1,5,5,2,4,3,5,1,4,4,3,1,3,3,3,5,4,4,4,3,5,3,6,4,6,3,5,4,"All good, but I found the fifth ""life event"" rather too vague to comment much upon"
879,0,6752,62f3b543dce069211e8e982c,Fear,2,65,Man,Undegraduate degree (BA/BSc/other),European,I currently do not feel any emotion,3,2,3,3,3,4,1,3,3,4,3,3,4,2,1,4,2,1,4,3,2,4,3,5,3,6,4,6,3,5,4,"All good, but I found the fifth ""life event"" rather too vague to comment much upon"
880,0,89,678f3b13379c83cf1027d2ed,Relief,5,26,Woman,Undegraduate degree (BA/BSc/other),African,Joy,3,3,4,4,3,4,2,4,4,4,3,4,3,4,3,4,4,3,4,3,4,6,1,7,1,7,7,7,1,7,1,nice study
881,0,2213,678f3b13379c83cf1027d2ed,Sadness,4,26,Woman,Undegraduate degree (BA/BSc/other),African,Joy,4,3,3,4,3,4,4,4,3,4,3,4,3,4,3,4,3,4,3,4,4,6,1,7,1,7,7,7,1,7,1,nice study
882,0,51598,678f3b13379c83cf1027d2ed,Joy,5,26,Woman,Undegraduate degree (BA/BSc/other),African,Joy,3,3,4,3,3,4,3,4,3,3,4,3,4,3,4,3,4,3,4,3,3,6,1,7,1,7,7,7,1,7,1,nice study
883,0,5546,678f3b13379c83cf1027d2ed,Pride,4,26,Woman,Undegraduate degree (BA/BSc/other),African,Joy,4,3,3,2,4,4,4,3,4,2,4,4,3,4,3,4,3,4,2,4,4,6,1,7,1,7,7,7,1,7,1,nice study
884,0,3546,678f3b13379c83cf1027d2ed,Joy,4,26,Woman,Undegraduate degree (BA/BSc/other),African,Joy,4,3,3,4,3,4,4,2,4,4,2,4,4,3,4,4,2,4,4,3,4,6,1,7,1,7,7,7,1,7,1,nice study
885,0,52444,5ff41506eed16daa2c6c6ebc,Joy,3,34,Woman,Undegraduate degree (BA/BSc/other),African,I currently do not feel any emotion,2,5,2,4,1,4,4,3,4,3,3,1,4,4,1,5,3,3,5,1,3,1,2,6,2,6,4,6,1,6,3,"It was straight forward, I quite enjoyed it"
886,0,4337,5ff41506eed16daa2c6c6ebc,Surprise,4,34,Woman,Undegraduate degree (BA/BSc/other),African,I currently do not feel any emotion,2,5,1,2,4,1,3,1,5,1,1,3,1,5,2,2,3,3,3,2,2,1,2,6,2,6,4,6,1,6,3,"It was straight forward, I quite enjoyed it"
887,0,41343,5ff41506eed16daa2c6c6ebc,Pride,4,34,Woman,Undegraduate degree (BA/BSc/other),African,I currently do not feel any emotion,3,3,2,5,1,5,1,5,3,3,4,3,3,4,1,3,1,1,4,1,4,1,2,6,2,6,4,6,1,6,3,"It was straight forward, I quite enjoyed it"
888,0,41260,5ff41506eed16daa2c6c6ebc,Joy,4,34,Woman,Undegraduate degree (BA/BSc/other),African,I currently do not feel any emotion,3,1,1,5,1,4,3,2,3,4,4,2,4,4,1,4,2,1,3,1,3,1,2,6,2,6,4,6,1,6,3,"It was straight forward, I quite enjoyed it"
889,0,5691,5ff41506eed16daa2c6c6ebc,Anger,5,34,Woman,Undegraduate degree (BA/BSc/other),African,I currently do not feel any emotion,1,5,1,1,5,5,1,1,5,5,1,5,2,5,1,5,5,5,5,4,5,1,2,6,2,6,4,6,1,6,3,"It was straight forward, I quite enjoyed it"
890,0,5700,5fd979cd5bc47d2522d06e18,Anger,5,42,Man,Undegraduate degree (BA/BSc/other),Australian/New Zealander,Relief,4,3,4,1,5,2,3,1,5,4,2,5,3,4,2,3,5,4,5,5,4,2,4,7,3,7,7,4,2,6,2,"thank you, some of the text font was a little small but still readable, although if i had worse eyes it would be a challenge"
891,0,3964,5fd979cd5bc47d2522d06e18,Relief,5,42,Man,Undegraduate degree (BA/BSc/other),Australian/New Zealander,Relief,2,2,2,5,1,4,2,4,3,2,1,2,4,3,2,3,1,1,5,1,3,2,4,7,3,7,7,4,2,6,2,"thank you, some of the text font was a little small but still readable, although if i had worse eyes it would be a challenge"
892,0,521,5fd979cd5bc47d2522d06e18,Anger,3,42,Man,Undegraduate degree (BA/BSc/other),Australian/New Zealander,Relief,4,4,4,2,5,2,3,2,5,5,3,5,5,3,2,4,2,1,4,3,5,2,4,7,3,7,7,4,2,6,2,"thank you, some of the text font was a little small but still readable, although if i had worse eyes it would be a challenge"
893,0,61021,5fd979cd5bc47d2522d06e18,Sadness,5,42,Man,Undegraduate degree (BA/BSc/other),Australian/New Zealander,Relief,3,2,4,2,4,4,3,3,3,4,4,2,4,3,2,3,1,1,5,4,3,2,4,7,3,7,7,4,2,6,2,"thank you, some of the text font was a little small but still readable, although if i had worse eyes it would be a challenge"
894,0,4170,5fd979cd5bc47d2522d06e18,Boredom,4,42,Man,Undegraduate degree (BA/BSc/other),Australian/New Zealander,Relief,5,2,5,2,3,1,1,3,3,4,2,3,5,3,3,4,1,1,2,5,4,2,4,7,3,7,7,4,2,6,2,"thank you, some of the text font was a little small but still readable, although if i had worse eyes it would be a challenge"
895,0,52784,6539185ae1c6f8b919b85f12,Trust,4,23,Woman,No formal qualification,Australian/New Zealander,Relief,3,2,2,3,4,2,3,3,4,1,3,2,3,4,4,3,5,3,3,5,3,1,6,3,7,2,7,4,3,3,4,
896,0,5936,6539185ae1c6f8b919b85f12,Shame,5,23,Woman,No formal qualification,Australian/New Zealander,Relief,4,5,3,1,5,3,3,4,3,3,2,3,3,3,2,3,3,2,4,4,4,1,6,3,7,2,7,4,3,3,4,
897,0,52578,6539185ae1c6f8b919b85f12,Pride,5,23,Woman,No formal qualification,Australian/New Zealander,Relief,3,4,3,5,1,4,3,5,2,3,3,4,3,5,4,3,1,1,3,1,2,1,6,3,7,2,7,4,3,3,4,
898,0,6407,6539185ae1c6f8b919b85f12,Surprise,5,23,Woman,No formal qualification,Australian/New Zealander,Relief,2,5,1,4,2,3,4,1,5,1,3,5,1,5,5,3,3,3,5,2,3,1,6,3,7,2,7,4,3,3,4,
899,0,5298,6539185ae1c6f8b919b85f12,Sadness,4,23,Woman,No formal qualification,Australian/New Zealander,Relief,5,2,5,2,4,4,1,4,4,5,2,1,3,4,2,3,5,2,2,4,3,1,6,3,7,2,7,4,3,3,4,
900,0,52648,674fdef5d95273aa44e3d7b4,Joy,1,24,Man,Undegraduate degree (BA/BSc/other),European,Boredom,5,1,5,5,1,5,1,5,1,5,5,5,1,5,1,5,1,1,5,1,3,7,1,7,4,7,6,7,1,6,1,The study was great.
901,0,6953,674fdef5d95273aa44e3d7b4,Anger,1,24,Man,Undegraduate degree (BA/BSc/other),European,Boredom,1,1,1,1,5,5,1,1,5,1,1,5,1,5,1,5,5,1,5,5,4,7,1,7,4,7,6,7,1,6,1,The study was great.
902,0,5371,674fdef5d95273aa44e3d7b4,Pride,1,24,Man,Undegraduate degree (BA/BSc/other),European,Boredom,5,1,5,5,1,5,1,5,1,5,5,1,5,1,1,1,1,1,1,1,3,7,1,7,4,7,6,7,1,6,1,The study was great.
903,0,31021,674fdef5d95273aa44e3d7b4,Joy,1,24,Man,Undegraduate degree (BA/BSc/other),European,Boredom,5,1,5,5,1,5,1,5,1,5,5,1,5,1,1,5,1,1,1,1,3,7,1,7,4,7,6,7,1,6,1,The study was great.
904,0,52627,674fdef5d95273aa44e3d7b4,Sadness,1,24,Man,Undegraduate degree (BA/BSc/other),European,Boredom,1,5,1,1,5,1,5,1,1,1,5,5,1,1,5,5,1,1,5,5,4,7,1,7,4,7,6,7,1,6,1,The study was great.
905,0,31347,67263e9e75561fe2af1ad00d,Trust,1,49,Woman,Graduate degree (MA/MSc/MPhil/other),African,Pride,5,2,5,5,1,2,1,1,5,5,5,2,5,5,1,5,1,1,5,1,2,6,2,7,2,7,4,5,1,5,2,
906,0,52895,67263e9e75561fe2af1ad00d,Joy,1,49,Woman,Graduate degree (MA/MSc/MPhil/other),African,Pride,2,4,2,5,1,4,3,2,5,4,5,2,1,5,2,5,1,1,4,4,2,6,2,7,2,7,4,5,1,5,2,
907,0,5920,67263e9e75561fe2af1ad00d,Fear,2,49,Woman,Graduate degree (MA/MSc/MPhil/other),African,Pride,1,5,1,1,5,3,2,2,5,2,2,5,2,5,2,2,5,5,5,4,4,6,2,7,2,7,4,5,1,5,2,
908,0,3975,67263e9e75561fe2af1ad00d,Relief,1,49,Woman,Graduate degree (MA/MSc/MPhil/other),African,Pride,4,3,4,5,1,5,1,4,4,5,5,2,3,4,1,5,1,4,1,1,2,6,2,7,2,7,4,5,1,5,2,
909,0,4636,67263e9e75561fe2af1ad00d,Fear,1,49,Woman,Graduate degree (MA/MSc/MPhil/other),African,Pride,1,5,1,1,5,4,2,1,2,1,1,5,1,1,4,2,1,1,5,1,5,6,2,7,2,7,4,5,1,5,2,
910,0,7143,6733ca6572d14762aea012ad,Relief,2,30,Man,Undegraduate degree (BA/BSc/other),African,I currently do not feel any emotion,4,3,4,2,5,4,3,4,4,3,4,2,4,4,4,4,4,3,3,4,4,5,1,7,1,6,6,7,1,6,1,
911,0,7147,6733ca6572d14762aea012ad,Disgust,4,30,Man,Undegraduate degree (BA/BSc/other),African,I currently do not feel any emotion,4,2,4,2,5,4,4,4,4,4,4,4,4,4,4,4,3,4,4,4,4,5,1,7,1,6,6,7,1,6,1,
912,0,5524,6733ca6572d14762aea012ad,Disgust,4,30,Man,Undegraduate degree (BA/BSc/other),African,I currently do not feel any emotion,4,4,3,4,2,3,4,4,3,4,4,5,2,4,4,4,2,4,4,5,4,5,1,7,1,6,6,7,1,6,1,
913,0,6954,6733ca6572d14762aea012ad,Pride,5,30,Man,Undegraduate degree (BA/BSc/other),African,I currently do not feel any emotion,3,3,4,3,1,4,4,4,2,4,4,4,4,3,4,4,4,3,5,1,4,5,1,7,1,6,6,7,1,6,1,
914,0,825,6733ca6572d14762aea012ad,Relief,4,30,Man,Undegraduate degree (BA/BSc/other),African,I currently do not feel any emotion,2,3,3,3,4,4,3,4,4,3,4,3,4,3,4,4,4,4,4,4,4,5,1,7,1,6,6,7,1,6,1,
915,0,3302,60693e637bc58fc13d57b1a7,Pride,4,30,Man,Graduate degree (MA/MSc/MPhil/other),African,Joy,5,4,1,5,1,4,2,3,5,3,4,4,4,5,3,4,2,4,4,2,3,4,2,6,2,7,6,6,1,6,5,
916,0,5642,60693e637bc58fc13d57b1a7,Sadness,3,30,Man,Graduate degree (MA/MSc/MPhil/other),African,Joy,3,4,3,3,4,4,3,4,3,3,4,3,4,3,4,3,4,3,5,4,3,4,2,6,2,7,6,6,1,6,5,
917,0,3926,60693e637bc58fc13d57b1a7,Joy,4,30,Man,Graduate degree (MA/MSc/MPhil/other),African,Joy,5,2,4,4,1,5,3,5,4,4,5,5,4,4,1,4,1,1,5,1,4,4,2,6,2,7,6,6,1,6,5,
918,0,2212,60693e637bc58fc13d57b1a7,Joy,4,30,Man,Graduate degree (MA/MSc/MPhil/other),African,Joy,4,2,3,3,4,4,3,2,3,3,4,2,4,3,4,2,3,2,3,4,3,4,2,6,2,7,6,6,1,6,5,
919,0,2195,60693e637bc58fc13d57b1a7,Surprise,5,30,Man,Graduate degree (MA/MSc/MPhil/other),African,Joy,4,1,4,4,1,4,4,4,5,4,4,5,3,4,1,4,3,1,5,5,5,4,2,6,2,7,6,6,1,6,5,
920,0,52857,66ddbf1aeb58339cd186ca48,Trust,1,76,Woman,Undegraduate degree (BA/BSc/other),European,I currently do not feel any emotion,4,3,2,2,4,3,5,1,4,2,4,3,1,5,5,5,1,1,4,1,4,4,2,6,4,6,7,7,1,5,3,Interesting but quite difficult
921,0,52859,66ddbf1aeb58339cd186ca48,Surprise,4,76,Woman,Undegraduate degree (BA/BSc/other),European,I currently do not feel any emotion,1,5,1,1,5,5,3,5,3,1,4,1,1,5,3,3,5,1,5,3,3,4,2,6,4,6,7,7,1,5,3,Interesting but quite difficult
922,0,3143,66ddbf1aeb58339cd186ca48,Boredom,5,76,Woman,Undegraduate degree (BA/BSc/other),European,I currently do not feel any emotion,5,1,5,3,3,1,1,5,1,5,3,1,5,1,4,5,1,1,5,3,1,4,2,6,4,6,7,7,1,5,3,Interesting but quite difficult
923,0,4571,66ddbf1aeb58339cd186ca48,Shame,5,76,Woman,Undegraduate degree (BA/BSc/other),European,I currently do not feel any emotion,5,1,5,1,5,5,5,3,5,5,1,5,1,5,1,1,5,5,5,5,5,4,2,6,4,6,7,7,1,5,3,Interesting but quite difficult
924,0,6796,66ddbf1aeb58339cd186ca48,Sadness,5,76,Woman,Undegraduate degree (BA/BSc/other),European,I currently do not feel any emotion,4,2,4,1,5,5,1,4,3,5,2,3,1,5,3,3,5,1,5,2,4,4,2,6,4,6,7,7,1,5,3,Interesting but quite difficult
925,0,3272,67c1ce78c21573ec238ef382,Anger,1,25,Woman,Undegraduate degree (BA/BSc/other),African,Joy,2,5,1,1,5,2,1,1,5,1,1,5,2,5,2,2,2,5,5,2,5,7,1,7,1,7,1,7,1,7,1,
926,0,4842,67c1ce78c21573ec238ef382,Joy,1,25,Woman,Undegraduate degree (BA/BSc/other),African,Joy,1,5,1,5,1,4,4,2,4,2,2,2,1,4,4,4,4,1,3,1,1,7,1,7,1,7,1,7,1,7,1,
927,0,3467,67c1ce78c21573ec238ef382,Joy,1,25,Woman,Undegraduate degree (BA/BSc/other),African,Joy,1,4,1,5,1,5,1,5,4,3,4,2,4,4,2,5,2,1,4,1,5,7,1,7,1,7,1,7,1,7,1,
928,0,6729,67c1ce78c21573ec238ef382,Joy,1,25,Woman,Undegraduate degree (BA/BSc/other),African,Joy,4,2,4,5,1,5,5,2,4,4,5,2,3,3,4,4,2,1,3,1,3,7,1,7,1,7,1,7,1,7,1,
929,0,2158,67c1ce78c21573ec238ef382,Relief,1,25,Woman,Undegraduate degree (BA/BSc/other),African,Joy,2,4,2,5,1,3,3,2,4,1,2,2,3,5,3,4,2,1,3,3,2,7,1,7,1,7,1,7,1,7,1,
930,0,4583,60a15247c86c53d0590e25c7,Anger,5,27,Woman,Undegraduate degree (BA/BSc/other),African,Fear,1,4,1,1,4,4,1,5,5,5,1,5,2,2,1,2,5,2,4,2,3,5,3,6,7,4,6,4,2,5,5,
931,0,41641,60a15247c86c53d0590e25c7,Joy,4,27,Woman,Undegraduate degree (BA/BSc/other),African,Fear,3,5,4,5,1,1,1,1,1,1,5,4,4,4,2,1,1,1,3,2,5,5,3,6,7,4,6,4,2,5,5,
932,0,5810,60a15247c86c53d0590e25c7,Fear,4,27,Woman,Undegraduate degree (BA/BSc/other),African,Fear,2,5,1,1,5,5,5,1,5,5,1,5,1,1,1,5,5,1,4,5,4,5,3,6,7,4,6,4,2,5,5,
933,0,51801,60a15247c86c53d0590e25c7,Pride,4,27,Woman,Undegraduate degree (BA/BSc/other),African,Fear,3,1,5,5,1,1,1,4,1,4,5,2,1,4,1,2,2,1,5,1,3,5,3,6,7,4,6,4,2,5,5,
934,0,41844,60a15247c86c53d0590e25c7,Relief,4,27,Woman,Undegraduate degree (BA/BSc/other),African,Fear,4,2,4,5,1,1,1,4,1,3,5,4,4,1,1,5,3,2,4,2,2,5,3,6,7,4,6,4,2,5,5,
935,0,5577,65562356bbad98b7c6f5cb54,Disgust,2,28,Man,Undegraduate degree (BA/BSc/other),European,I currently do not feel any emotion,4,3,4,1,5,3,3,4,4,4,2,3,3,3,3,4,4,4,4,4,4,1,4,7,3,3,7,4,3,5,3,na
936,0,6836,65562356bbad98b7c6f5cb54,Anger,4,28,Man,Undegraduate degree (BA/BSc/other),European,I currently do not feel any emotion,3,2,4,1,5,4,4,4,3,3,1,4,4,2,2,3,4,2,4,2,4,1,4,7,3,3,7,4,3,5,3,na
937,0,52716,65562356bbad98b7c6f5cb54,Trust,5,28,Man,Undegraduate degree (BA/BSc/other),European,I currently do not feel any emotion,5,2,5,5,2,4,3,4,4,5,5,4,4,2,2,3,3,1,5,2,4,1,4,7,3,3,7,4,3,5,3,na
938,0,31304,65562356bbad98b7c6f5cb54,Relief,4,28,Man,Undegraduate degree (BA/BSc/other),European,I currently do not feel any emotion,2,3,1,3,3,5,5,5,5,4,3,4,5,5,2,3,3,2,5,3,4,1,4,7,3,3,7,4,3,5,3,na
939,0,5684,65562356bbad98b7c6f5cb54,Disgust,5,28,Man,Undegraduate degree (BA/BSc/other),European,I currently do not feel any emotion,1,5,2,1,5,4,2,4,5,2,1,5,3,3,2,2,5,5,5,5,5,1,4,7,3,3,7,4,3,5,3,na
940,0,5254,5a297877edcbca00015f351f,Fear,4,26,Man,High School,South Asian,I currently do not feel any emotion,4,4,5,2,3,5,5,2,5,5,3,5,4,4,4,4,4,4,4,4,4,3,2,5,4,7,5,5,3,5,2,
941,0,4327,5a297877edcbca00015f351f,Sadness,5,26,Man,High School,South Asian,I currently do not feel any emotion,5,1,5,1,5,5,1,1,5,5,1,5,2,5,2,3,5,5,5,5,5,3,2,5,4,7,5,5,3,5,2,
942,0,52420,5a297877edcbca00015f351f,Joy,3,26,Man,High School,South Asian,I currently do not feel any emotion,1,5,4,4,1,2,5,1,5,4,4,3,1,5,1,2,1,1,5,1,1,3,2,5,4,7,5,5,3,5,2,
943,0,51227,5a297877edcbca00015f351f,Pride,5,26,Man,High School,South Asian,I currently do not feel any emotion,1,5,2,5,1,4,5,4,5,3,5,5,5,5,1,3,1,1,5,1,3,3,2,5,4,7,5,5,3,5,2,
944,0,5639,5a297877edcbca00015f351f,Disgust,4,26,Man,High School,South Asian,I currently do not feel any emotion,5,5,5,1,5,1,1,1,5,4,1,4,5,5,1,1,5,5,5,2,5,3,2,5,4,7,5,5,3,5,2,
945,0,4821,63d0260e307282309d31e2d1,Pride,2,34,Gender Variant / Non-Conforming / Non-binary,Undegraduate degree (BA/BSc/other),Australian/New Zealander,Boredom,3,1,3,4,1,1,1,4,4,4,4,1,5,4,4,4,1,1,3,1,1,1,1,2,6,5,7,5,6,6,1,
946,0,31145,63d0260e307282309d31e2d1,Shame,2,34,Gender Variant / Non-Conforming / Non-binary,Undegraduate degree (BA/BSc/other),Australian/New Zealander,Boredom,2,1,3,1,4,3,1,4,1,3,1,1,3,3,1,3,4,3,3,4,2,1,1,2,6,5,7,5,6,6,1,
947,0,51946,63d0260e307282309d31e2d1,Relief,2,34,Gender Variant / Non-Conforming / Non-binary,Undegraduate degree (BA/BSc/other),Australian/New Zealander,Boredom,2,1,3,3,3,4,1,4,3,4,4,1,4,3,1,4,1,1,4,1,3,1,1,2,6,5,7,5,6,6,1,
948,0,3423,63d0260e307282309d31e2d1,Fear,1,34,Gender Variant / Non-Conforming / Non-binary,Undegraduate degree (BA/BSc/other),Australian/New Zealander,Boredom,1,3,1,1,5,4,1,1,5,1,1,5,2,5,1,2,5,5,4,5,4,1,1,2,6,5,7,5,6,6,1,
949,0,4649,63d0260e307282309d31e2d1,Joy,3,34,Gender Variant / Non-Conforming / Non-binary,Undegraduate degree (BA/BSc/other),Australian/New Zealander,Boredom,3,1,4,4,1,1,1,5,1,4,4,1,5,1,1,5,1,1,1,1,1,1,1,2,6,5,7,5,6,6,1,
950,0,52374,673a5627fc7b7863f7d57f0b,Sadness,3,23,Woman,Graduate degree (MA/MSc/MPhil/other),African,Pride,4,3,2,2,4,3,4,3,5,1,4,3,1,4,1,1,3,1,3,1,3,7,1,7,2,5,5,6,3,5,2,NICE STUDY
951,0,41759,673a5627fc7b7863f7d57f0b,Anger,5,23,Woman,Graduate degree (MA/MSc/MPhil/other),African,Pride,4,2,4,1,5,5,1,1,5,1,5,1,1,5,1,1,3,3,3,1,3,7,1,7,2,5,5,6,3,5,2,NICE STUDY
952,0,51882,673a5627fc7b7863f7d57f0b,Relief,3,23,Woman,Graduate degree (MA/MSc/MPhil/other),African,Pride,4,3,3,4,1,3,2,1,3,3,3,2,1,4,3,3,1,1,3,1,1,7,1,7,2,5,5,6,3,5,2,NICE STUDY
953,0,4814,673a5627fc7b7863f7d57f0b,Joy,5,23,Woman,Graduate degree (MA/MSc/MPhil/other),African,Pride,5,1,5,5,1,4,3,5,2,4,5,2,3,3,1,4,1,1,3,1,2,7,1,7,2,5,5,6,3,5,2,NICE STUDY
954,0,51835,673a5627fc7b7863f7d57f0b,Relief,5,23,Woman,Graduate degree (MA/MSc/MPhil/other),African,Pride,4,4,4,5,1,5,5,2,5,4,5,3,1,5,2,4,1,1,4,5,5,7,1,7,2,5,5,6,3,5,2,NICE STUDY
955,0,5753,677fb45dee7e90f416b55aea,Sadness,4,27,Woman,Undegraduate degree (BA/BSc/other),African,Sadness,4,4,3,3,5,2,3,3,3,4,3,3,3,3,4,4,4,4,4,4,3,5,5,5,5,5,5,4,5,5,5,
956,0,3864,677fb45dee7e90f416b55aea,Joy,5,27,Woman,Undegraduate degree (BA/BSc/other),African,Sadness,4,4,2,4,3,4,4,4,3,3,3,4,4,4,4,4,3,2,4,5,4,5,5,5,5,5,5,4,5,5,5,
957,0,51591,677fb45dee7e90f416b55aea,Surprise,4,27,Woman,Undegraduate degree (BA/BSc/other),African,Sadness,3,4,3,2,3,4,4,4,3,4,4,4,4,3,4,4,4,4,4,4,4,5,5,5,5,5,5,4,5,5,5,
958,0,7160,677fb45dee7e90f416b55aea,Sadness,5,27,Woman,Undegraduate degree (BA/BSc/other),African,Sadness,3,3,3,3,3,3,4,3,3,3,4,4,4,4,4,4,4,4,4,4,5,5,5,5,5,5,5,4,5,5,5,
959,0,2129,677fb45dee7e90f416b55aea,Joy,5,27,Woman,Undegraduate degree (BA/BSc/other),African,Sadness,4,4,3,4,2,4,4,4,4,4,4,4,4,4,4,4,2,3,4,4,5,5,5,5,5,5,5,4,5,5,5,
960,0,51577,66a8bb8c137f62ba5137284d,Relief,2,38,Man,Graduate degree (MA/MSc/MPhil/other),African,Joy,4,2,5,3,3,5,1,5,1,4,3,2,5,1,1,4,2,1,5,2,3,7,1,7,2,7,7,7,2,6,1,It's organized
961,0,51285,66a8bb8c137f62ba5137284d,Joy,1,38,Man,Graduate degree (MA/MSc/MPhil/other),African,Joy,2,4,4,5,1,5,1,5,2,5,5,2,5,4,1,5,1,1,5,1,4,7,1,7,2,7,7,7,2,6,1,It's organized
962,0,4475,66a8bb8c137f62ba5137284d,Shame,2,38,Man,Graduate degree (MA/MSc/MPhil/other),African,Joy,2,4,3,1,5,5,1,2,5,3,1,4,2,5,1,3,5,4,5,4,5,7,1,7,2,7,7,7,2,6,1,It's organized
963,0,52593,66a8bb8c137f62ba5137284d,Shame,1,38,Man,Graduate degree (MA/MSc/MPhil/other),African,Joy,2,3,3,1,5,5,1,4,1,4,2,3,4,2,1,3,4,1,5,3,4,7,1,7,2,7,7,7,2,6,1,It's organized
964,0,4780,66a8bb8c137f62ba5137284d,Joy,1,38,Man,Graduate degree (MA/MSc/MPhil/other),African,Joy,2,2,5,5,1,5,1,5,2,5,5,2,5,3,1,5,1,1,5,1,4,7,1,7,2,7,7,7,2,6,1,It's organized
965,0,31180,60cfaefb198a684067969f69,Disgust,3,23,Gender Variant / Non-Conforming / Non-binary,High School,European,I currently do not feel any emotion,2,4,1,1,5,2,3,1,5,1,4,2,1,5,5,4,4,4,2,4,2,5,5,4,4,6,3,4,4,4,3,
966,0,41311,60cfaefb198a684067969f69,Relief,4,23,Gender Variant / Non-Conforming / Non-binary,High School,European,I currently do not feel any emotion,2,5,2,5,1,5,2,5,4,2,4,4,4,3,4,2,1,1,3,1,1,5,5,4,4,6,3,4,4,4,3,
967,0,31179,60cfaefb198a684067969f69,Disgust,4,23,Gender Variant / Non-Conforming / Non-binary,High School,European,I currently do not feel any emotion,3,2,4,3,3,4,1,5,1,4,4,2,5,1,1,4,4,5,4,3,2,5,5,4,4,6,3,4,4,4,3,
968,0,4117,60cfaefb198a684067969f69,Sadness,2,23,Gender Variant / Non-Conforming / Non-binary,High School,European,I currently do not feel any emotion,3,1,4,1,5,4,1,5,1,3,2,2,1,1,2,3,4,1,4,4,1,5,5,4,4,6,3,4,4,4,3,
969,0,41830,60cfaefb198a684067969f69,Trust,5,23,Gender Variant / Non-Conforming / Non-binary,High School,European,I currently do not feel any emotion,1,4,2,1,4,1,1,1,5,2,1,4,5,5,4,3,1,5,4,3,3,5,5,4,4,6,3,4,4,4,3,
970,0,51592,6650e473608d3961fbf2ddf0,Surprise,4,23,Man,Undegraduate degree (BA/BSc/other),African,Trust,1,4,1,4,1,5,3,5,1,2,5,5,3,3,2,5,2,1,5,1,3,6,2,7,1,6,4,7,1,7,1,everything seemed cool
971,0,31181,6650e473608d3961fbf2ddf0,Joy,5,23,Man,Undegraduate degree (BA/BSc/other),African,Trust,2,3,1,5,1,5,5,1,1,3,5,2,1,1,5,5,3,1,5,2,4,6,2,7,1,6,4,7,1,7,1,everything seemed cool
972,0,272,6650e473608d3961fbf2ddf0,Joy,4,23,Man,Undegraduate degree (BA/BSc/other),African,Trust,1,1,3,5,1,5,1,5,4,4,5,3,3,4,1,4,1,1,5,2,3,6,2,7,1,6,4,7,1,7,1,everything seemed cool
973,0,31338,6650e473608d3961fbf2ddf0,Pride,4,23,Man,Undegraduate degree (BA/BSc/other),African,Trust,4,2,4,5,1,5,1,1,5,5,5,5,1,5,1,5,2,4,5,3,3,6,2,7,1,6,4,7,1,7,1,everything seemed cool
974,0,51694,6650e473608d3961fbf2ddf0,Joy,5,23,Man,Undegraduate degree (BA/BSc/other),African,Trust,3,2,5,5,1,5,1,5,1,3,5,3,5,1,1,4,3,1,5,1,3,6,2,7,1,6,4,7,1,7,1,everything seemed cool
975,0,41299,6665fdcffb9c8e828cd159cd,Pride,1,44,Man,Undegraduate degree (BA/BSc/other),European,I currently do not feel any emotion,4,1,4,5,1,5,1,5,1,4,4,4,3,2,1,4,1,1,4,1,4,3,3,7,4,4,5,6,1,6,3,"I really liked this study,found it pretty interesting.Thank you for allowing me to be a part of it."
976,0,5951,6665fdcffb9c8e828cd159cd,Sadness,2,44,Man,Undegraduate degree (BA/BSc/other),European,I currently do not feel any emotion,4,1,4,1,5,4,2,4,3,4,1,4,2,4,3,3,4,1,4,4,4,3,3,7,4,4,5,6,1,6,3,"I really liked this study,found it pretty interesting.Thank you for allowing me to be a part of it."
977,0,31285,6665fdcffb9c8e828cd159cd,Surprise,1,44,Man,Undegraduate degree (BA/BSc/other),European,I currently do not feel any emotion,2,5,1,5,1,3,1,2,5,1,5,3,2,5,2,4,1,1,3,1,3,3,3,7,4,4,5,6,1,6,3,"I really liked this study,found it pretty interesting.Thank you for allowing me to be a part of it."
978,0,548,6665fdcffb9c8e828cd159cd,Anger,2,44,Man,Undegraduate degree (BA/BSc/other),European,I currently do not feel any emotion,1,5,1,1,5,4,1,1,5,1,1,4,1,5,4,3,4,5,3,4,5,3,3,7,4,4,5,6,1,6,3,"I really liked this study,found it pretty interesting.Thank you for allowing me to be a part of it."
979,0,86,6665fdcffb9c8e828cd159cd,Joy,3,44,Man,Undegraduate degree (BA/BSc/other),European,I currently do not feel any emotion,3,2,3,4,2,3,2,4,3,4,4,4,4,3,1,3,1,1,2,1,3,3,3,7,4,4,5,6,1,6,3,"I really liked this study,found it pretty interesting.Thank you for allowing me to be a part of it."
980,0,6304,62b437a2dbff0b6b3d0121e4,Disgust,4,31,Woman,Undegraduate degree (BA/BSc/other),European,I currently do not feel any emotion,1,3,2,1,5,4,3,1,5,5,1,4,1,1,4,4,3,2,5,4,3,3,2,5,1,6,6,5,1,5,6,
981,0,41871,62b437a2dbff0b6b3d0121e4,Sadness,3,31,Woman,Undegraduate degree (BA/BSc/other),European,I currently do not feel any emotion,2,1,2,2,3,4,1,2,5,3,5,2,4,5,1,1,2,1,4,1,2,3,2,5,1,6,6,5,1,5,6,
982,0,454,62b437a2dbff0b6b3d0121e4,Anger,4,31,Woman,Undegraduate degree (BA/BSc/other),European,I currently do not feel any emotion,5,1,4,2,4,3,1,3,4,4,1,1,2,4,1,1,4,1,2,4,5,3,2,5,1,6,6,5,1,5,6,
983,0,7200,62b437a2dbff0b6b3d0121e4,Fear,5,31,Woman,Undegraduate degree (BA/BSc/other),European,I currently do not feel any emotion,1,5,1,1,5,5,5,1,1,5,1,5,2,1,5,1,5,1,5,2,5,3,2,5,1,6,6,5,1,5,6,
984,0,3401,62b437a2dbff0b6b3d0121e4,Fear,1,31,Woman,Undegraduate degree (BA/BSc/other),European,I currently do not feel any emotion,1,5,2,1,5,3,4,1,1,3,1,5,3,1,5,2,4,1,5,2,5,3,2,5,1,6,6,5,1,5,6,
985,0,6192,5b6ae897122e27000180a65b,Shame,4,34,Woman,Undegraduate degree (BA/BSc/other),European,Fear,1,4,2,1,5,2,3,1,1,3,1,4,1,5,2,2,4,3,4,1,4,1,3,5,6,5,6,4,2,4,5,
986,0,5575,5b6ae897122e27000180a65b,Anger,4,34,Woman,Undegraduate degree (BA/BSc/other),European,Fear,1,5,1,1,4,1,5,1,5,1,3,5,1,5,4,4,5,3,5,2,4,1,3,5,6,5,6,4,2,4,5,
987,0,52378,5b6ae897122e27000180a65b,Guilt,4,34,Woman,Undegraduate degree (BA/BSc/other),European,Fear,2,5,1,1,5,5,5,1,1,1,1,5,4,4,1,3,4,1,5,5,4,1,3,5,6,5,6,4,2,4,5,
988,0,5210,5b6ae897122e27000180a65b,Sadness,4,34,Woman,Undegraduate degree (BA/BSc/other),European,Fear,2,4,3,2,4,4,3,2,5,3,4,3,2,4,3,2,4,1,4,5,4,1,3,5,6,5,6,4,2,4,5,
989,0,6864,5b6ae897122e27000180a65b,Sadness,5,34,Woman,Undegraduate degree (BA/BSc/other),European,Fear,3,4,2,1,4,3,2,4,5,3,4,5,3,4,3,5,3,3,4,3,4,1,3,5,6,5,6,4,2,4,5,
990,0,51153,679a0366c8793f4845badfd6,Sadness,2,19,Man,High School,European,Sadness,3,4,4,2,3,3,2,3,3,4,3,4,2,4,3,3,4,2,5,4,4,5,4,3,5,4,7,5,5,3,4,
991,0,553,679a0366c8793f4845badfd6,Anger,5,19,Man,High School,European,Sadness,3,4,4,1,5,3,4,3,3,4,3,4,2,3,5,4,3,4,5,4,3,5,4,3,5,4,7,5,5,3,4,
992,0,3586,679a0366c8793f4845badfd6,Surprise,2,19,Man,High School,European,Sadness,2,5,2,3,3,4,2,4,1,3,4,4,3,5,4,5,3,4,4,3,3,5,4,3,5,4,7,5,5,3,4,
993,0,52015,679a0366c8793f4845badfd6,Surprise,4,19,Man,High School,European,Sadness,2,5,5,4,1,4,4,2,3,4,5,3,4,4,2,4,3,4,5,3,4,5,4,3,5,4,7,5,5,3,4,
994,0,31207,679a0366c8793f4845badfd6,Trust,5,19,Man,High School,European,Sadness,2,4,4,5,1,4,4,4,4,4,5,3,4,3,4,3,4,3,5,1,2,5,4,3,5,4,7,5,5,3,4,
995,0,51595,631610af8e747093cd90e00d,Pride,1,40,Woman,High School,European,Sadness,3,1,5,5,1,5,1,4,1,5,5,3,3,1,1,5,1,1,3,1,1,1,3,3,6,5,7,5,5,4,2,
996,0,51807,631610af8e747093cd90e00d,Pride,5,40,Woman,High School,European,Sadness,3,1,4,5,1,2,1,1,5,3,3,1,1,5,1,3,1,1,2,1,1,1,3,3,6,5,7,5,5,4,2,
997,0,3117,631610af8e747093cd90e00d,Sadness,4,40,Woman,High School,European,Sadness,3,5,1,1,5,3,3,3,5,1,1,3,1,5,1,1,4,4,3,3,3,1,3,3,6,5,7,5,5,4,2,
998,0,5568,631610af8e747093cd90e00d,Shame,4,40,Woman,High School,European,Sadness,3,5,1,1,5,1,4,3,5,1,1,5,1,5,1,1,4,5,5,3,4,1,3,3,6,5,7,5,5,4,2,
999,0,90,631610af8e747093cd90e00d,Anger,3,40,Woman,High School,European,Sadness,3,3,2,1,4,2,2,1,5,2,2,2,1,5,1,1,4,3,2,2,2,1,3,3,6,5,7,5,5,4,2,
1000,0,3618,659efb5340a7896eba6cc441,Joy,1,26,Man,Undegraduate degree (BA/BSc/other),African,I currently do not feel any emotion,4,1,5,5,1,5,2,5,3,5,5,3,3,4,1,1,1,1,4,1,3,6,1,7,1,6,6,7,1,6,2,
1001,0,41251,659efb5340a7896eba6cc441,Pride,2,26,Man,Undegraduate degree (BA/BSc/other),African,I currently do not feel any emotion,4,1,5,4,1,5,1,5,2,1,5,3,4,1,1,1,1,1,4,1,3,6,1,7,1,6,6,7,1,6,2,
1002,0,52441,659efb5340a7896eba6cc441,Fear,1,26,Man,Undegraduate degree (BA/BSc/other),African,I currently do not feel any emotion,3,3,3,5,1,3,1,1,5,3,3,1,1,5,1,4,1,1,3,3,3,6,1,7,1,6,6,7,1,6,2,
1003,0,52718,659efb5340a7896eba6cc441,Relief,3,26,Man,Undegraduate degree (BA/BSc/other),African,I currently do not feel any emotion,4,1,4,5,1,4,1,1,5,3,4,1,1,5,1,3,1,1,4,1,4,6,1,7,1,6,6,7,1,6,2,
1004,0,5130,659efb5340a7896eba6cc441,Surprise,3,26,Man,Undegraduate degree (BA/BSc/other),African,I currently do not feel any emotion,3,3,4,1,5,4,1,5,1,3,2,3,2,5,1,3,3,1,3,4,4,6,1,7,1,6,6,7,1,6,2,
1005,0,678,656e217aea1b1b1a2b6d97e4,Sadness,1,26,Woman,Undegraduate degree (BA/BSc/other),African,Fear,1,1,1,1,5,5,3,1,5,3,2,3,3,5,2,3,5,5,5,3,5,4,2,3,1,6,6,7,5,6,3,
1006,0,429,656e217aea1b1b1a2b6d97e4,Anger,1,26,Woman,Undegraduate degree (BA/BSc/other),African,Fear,2,4,2,3,5,4,3,1,5,3,1,5,3,4,2,1,5,4,5,4,4,4,2,3,1,6,6,7,5,6,3,
1007,0,31154,656e217aea1b1b1a2b6d97e4,Guilt,1,26,Woman,Undegraduate degree (BA/BSc/other),African,Fear,3,5,4,2,5,4,3,4,3,5,4,3,3,5,4,3,4,1,5,4,3,4,2,3,1,6,6,7,5,6,3,
1008,0,510,656e217aea1b1b1a2b6d97e4,Joy,1,26,Woman,Undegraduate degree (BA/BSc/other),African,Fear,5,4,5,5,1,4,4,3,5,4,4,5,3,4,2,2,1,4,5,4,4,4,2,3,1,6,6,7,5,6,3,
1009,0,6808,656e217aea1b1b1a2b6d97e4,Surprise,1,26,Woman,Undegraduate degree (BA/BSc/other),African,Fear,3,1,2,5,1,4,5,3,3,4,2,3,5,4,4,4,1,1,5,1,4,4,2,3,1,6,6,7,5,6,3,
1010,0,51624,5b017ef1293d310001023bd8,Pride,4,70,Man,High School,European,I currently do not feel any emotion,4,1,4,4,1,1,1,5,1,3,5,1,4,2,2,5,1,1,4,1,3,6,1,7,1,4,7,4,2,7,6,
1011,0,363,5b017ef1293d310001023bd8,Sadness,2,70,Man,High School,European,I currently do not feel any emotion,5,1,5,4,2,1,1,3,3,5,1,1,3,3,1,5,1,1,3,2,1,6,1,7,1,4,7,4,2,7,6,
1012,0,5109,5b017ef1293d310001023bd8,Sadness,5,70,Man,High School,European,I currently do not feel any emotion,1,5,1,1,5,4,5,3,3,1,1,5,3,3,3,1,4,1,5,5,2,6,1,7,1,4,7,4,2,7,6,
1013,0,52116,5b017ef1293d310001023bd8,Anger,3,70,Man,High School,European,I currently do not feel any emotion,3,1,2,1,5,1,3,3,3,1,1,1,3,3,3,2,5,4,4,3,3,6,1,7,1,4,7,4,2,7,6,
1014,0,41415,5b017ef1293d310001023bd8,Surprise,2,70,Man,High School,European,I currently do not feel any emotion,1,5,1,1,5,4,3,1,5,1,1,2,1,5,3,3,4,5,4,3,3,6,1,7,1,4,7,4,2,7,6,
1015,0,52046,67410901eabe995471a42192,Fear,4,31,Man,Undegraduate degree (BA/BSc/other),African,Joy,1,5,4,1,4,4,4,4,4,5,5,5,4,5,4,3,4,2,5,2,5,7,2,6,2,6,6,6,6,6,2,
1016,0,52584,67410901eabe995471a42192,Joy,4,31,Man,Undegraduate degree (BA/BSc/other),African,Joy,3,2,4,4,2,3,4,4,4,4,4,3,4,4,2,4,4,4,4,2,5,7,2,6,2,6,6,6,6,6,2,
1017,0,41581,67410901eabe995471a42192,Sadness,5,31,Man,Undegraduate degree (BA/BSc/other),African,Joy,4,4,2,2,4,4,4,4,4,4,3,4,4,4,4,4,4,4,4,4,4,7,2,6,2,6,6,6,6,6,2,
1018,0,3211,67410901eabe995471a42192,Shame,4,31,Man,Undegraduate degree (BA/BSc/other),African,Joy,3,2,3,4,5,4,4,3,2,4,4,4,4,2,4,4,3,4,4,3,4,7,2,6,2,6,6,6,6,6,2,
1019,0,47,67410901eabe995471a42192,Surprise,2,31,Man,Undegraduate degree (BA/BSc/other),African,Joy,2,4,3,4,2,4,1,4,2,3,4,3,4,5,4,4,5,4,4,3,4,7,2,6,2,6,6,6,6,6,2,
1020,0,6337,5e99b08a24927e000a418025,Surprise,3,75,Woman,Secondary Eductation,European,Pride,2,2,3,3,5,3,2,3,4,4,4,3,3,4,4,4,3,2,5,3,4,4,3,5,3,4,5,5,2,3,2,
1021,0,4609,5e99b08a24927e000a418025,Anger,5,75,Woman,Secondary Eductation,European,Pride,1,5,1,1,1,2,5,3,5,1,1,3,1,5,3,3,4,4,4,4,4,4,3,5,3,4,5,5,2,3,2,
1022,0,5247,5e99b08a24927e000a418025,Boredom,4,75,Woman,Secondary Eductation,European,Pride,5,1,4,4,1,4,2,5,2,4,4,4,4,1,1,1,1,4,5,1,4,4,3,5,3,4,5,5,2,3,2,
1023,0,51263,5e99b08a24927e000a418025,Relief,4,75,Woman,Secondary Eductation,European,Pride,2,3,3,5,1,4,2,4,1,4,4,3,3,2,2,3,2,4,2,2,4,4,3,5,3,4,5,5,2,3,2,
1024,0,822,5e99b08a24927e000a418025,Anger,4,75,Woman,Secondary Eductation,European,Pride,1,5,3,1,5,4,3,5,1,4,2,2,2,5,2,3,2,2,4,4,4,4,3,5,3,4,5,5,2,3,2,
1025,0,52428,66026efe592f5cca9075490d,Sadness,5,57,Man,Secondary Eductation,European,Sadness,3,4,4,2,4,3,4,3,3,2,2,4,1,5,3,3,2,1,5,1,4,2,1,6,1,6,2,6,1,6,1,
1026,0,6320,66026efe592f5cca9075490d,Fear,5,57,Man,Secondary Eductation,European,Sadness,1,5,3,1,5,3,4,3,3,2,1,4,2,3,3,3,3,2,4,4,4,2,1,6,1,6,2,6,1,6,1,
1027,0,3320,66026efe592f5cca9075490d,Surprise,3,57,Man,Secondary Eductation,European,Sadness,2,4,2,2,4,2,1,2,5,3,2,4,4,4,1,3,1,1,3,1,2,2,1,6,1,6,2,6,1,6,1,
1028,0,349,66026efe592f5cca9075490d,Anger,5,57,Man,Secondary Eductation,European,Sadness,1,5,1,1,5,3,4,1,5,4,1,4,1,5,1,4,3,3,3,2,4,2,1,6,1,6,2,6,1,6,1,
1029,0,6907,66026efe592f5cca9075490d,Guilt,4,57,Man,Secondary Eductation,European,Sadness,2,4,2,1,5,3,3,1,5,3,2,5,2,5,5,4,2,1,4,1,4,2,1,6,1,6,2,6,1,6,1,
1030,0,52571,677eb36d1212d9959c08bff6,Boredom,3,28,Woman,Undegraduate degree (BA/BSc/other),African,Joy,5,5,5,4,4,5,3,1,5,5,3,5,4,5,3,4,5,1,5,5,5,4,3,6,2,7,3,6,1,5,2,none
1031,0,52579,677eb36d1212d9959c08bff6,Surprise,1,28,Woman,Undegraduate degree (BA/BSc/other),African,Joy,1,5,1,5,1,5,5,3,5,1,5,4,1,5,5,5,3,1,5,1,5,4,3,6,2,7,3,6,1,5,2,none
1032,0,52534,677eb36d1212d9959c08bff6,Relief,1,28,Woman,Undegraduate degree (BA/BSc/other),African,Joy,4,5,3,5,1,5,3,1,3,3,5,5,3,3,5,3,5,3,5,1,3,4,3,6,2,7,3,6,1,5,2,none
1033,0,5454,677eb36d1212d9959c08bff6,Sadness,5,28,Woman,Undegraduate degree (BA/BSc/other),African,Joy,5,3,5,1,5,5,5,5,3,5,1,5,5,3,3,4,5,5,1,5,1,4,3,6,2,7,3,6,1,5,2,none
1034,0,6162,677eb36d1212d9959c08bff6,Boredom,3,28,Woman,Undegraduate degree (BA/BSc/other),African,Joy,5,5,5,1,5,5,5,1,5,5,3,5,5,5,5,5,3,4,5,5,5,4,3,6,2,7,3,6,1,5,2,none
1035,0,41600,65a9bcae8c22bff0d9db9288,Sadness,4,22,Gender Variant / Non-Conforming / Non-binary,Secondary Eductation,Australian/New Zealander,Relief,3,2,3,2,4,4,2,2,5,2,1,4,1,5,1,3,5,5,4,2,3,2,6,7,5,2,4,4,2,5,3,
1036,0,52596,65a9bcae8c22bff0d9db9288,Surprise,5,22,Gender Variant / Non-Conforming / Non-binary,Secondary Eductation,Australian/New Zealander,Relief,1,5,1,5,1,4,5,1,5,2,5,2,1,5,1,1,1,1,4,1,4,2,6,7,5,2,4,4,2,5,3,
1037,0,6804,65a9bcae8c22bff0d9db9288,Relief,4,22,Gender Variant / Non-Conforming / Non-binary,Secondary Eductation,Australian/New Zealander,Relief,1,4,2,1,5,3,1,5,2,2,1,4,2,4,1,2,3,1,5,2,4,2,6,7,5,2,4,4,2,5,3,
1038,0,51738,65a9bcae8c22bff0d9db9288,Pride,4,22,Gender Variant / Non-Conforming / Non-binary,Secondary Eductation,Australian/New Zealander,Relief,3,4,1,3,3,2,2,5,1,3,3,2,5,1,1,1,2,1,3,4,3,2,6,7,5,2,4,4,2,5,3,
1039,0,51289,65a9bcae8c22bff0d9db9288,Joy,5,22,Gender Variant / Non-Conforming / Non-binary,Secondary Eductation,Australian/New Zealander,Relief,5,2,5,5,1,3,1,5,5,5,4,3,5,4,1,1,1,1,4,1,3,2,6,7,5,2,4,4,2,5,3,
1040,0,4692,665df774920942d320f9eaf9,Relief,2,21,Man,Undegraduate degree (BA/BSc/other),African,Relief,5,4,4,5,3,2,5,4,2,4,5,4,4,5,3,5,4,4,5,5,4,7,4,6,3,6,6,6,2,6,2,"It went well, thank you "
1041,0,6170,665df774920942d320f9eaf9,Boredom,1,21,Man,Undegraduate degree (BA/BSc/other),African,Relief,5,3,5,2,5,4,5,5,3,5,3,4,5,2,4,5,5,1,4,4,5,7,4,6,3,6,6,6,2,6,2,"It went well, thank you "
1042,0,51241,665df774920942d320f9eaf9,Relief,1,21,Man,Undegraduate degree (BA/BSc/other),African,Relief,5,3,4,5,1,5,2,5,4,5,5,4,3,5,2,5,3,1,4,2,4,7,4,6,3,6,6,6,2,6,2,"It went well, thank you "
1043,0,4594,665df774920942d320f9eaf9,Sadness,1,21,Man,Undegraduate degree (BA/BSc/other),African,Relief,2,5,1,2,5,5,5,1,5,1,5,4,2,5,5,3,4,4,4,5,4,7,4,6,3,6,6,6,2,6,2,"It went well, thank you "
1044,0,2228,665df774920942d320f9eaf9,Fear,2,21,Man,Undegraduate degree (BA/BSc/other),African,Relief,4,5,2,2,5,4,5,4,3,5,5,5,4,2,1,4,4,3,4,3,5,7,4,6,3,6,6,6,2,6,2,"It went well, thank you "
1045,0,41128,678969200a76abe09fd2a75c,Pride,1,28,Man,Graduate degree (MA/MSc/MPhil/other),African,Joy,3,4,4,4,2,4,4,3,3,4,4,2,4,3,2,2,2,4,4,4,4,4,1,6,2,6,4,5,2,6,4,
1046,0,6110,678969200a76abe09fd2a75c,Disgust,2,28,Man,Graduate degree (MA/MSc/MPhil/other),African,Joy,3,2,2,5,1,3,2,2,4,2,4,3,5,2,4,2,4,2,2,4,2,4,1,6,2,6,4,5,2,6,4,
1047,0,52004,678969200a76abe09fd2a75c,Joy,1,28,Man,Graduate degree (MA/MSc/MPhil/other),African,Joy,2,4,2,2,5,2,2,4,4,2,1,2,2,2,3,4,2,3,2,3,4,4,1,6,2,6,4,5,2,6,4,
1048,0,51957,678969200a76abe09fd2a75c,Relief,2,28,Man,Graduate degree (MA/MSc/MPhil/other),African,Joy,3,4,3,1,5,2,5,2,2,2,2,2,1,2,3,4,2,2,1,4,2,4,1,6,2,6,4,5,2,6,4,
1049,0,5105,678969200a76abe09fd2a75c,Sadness,2,28,Man,Graduate degree (MA/MSc/MPhil/other),African,Joy,5,4,3,5,1,4,4,5,3,2,5,2,3,2,3,2,2,1,2,2,1,4,1,6,2,6,4,5,2,6,4,
1050,0,31338,66cf34966fcadcafe9babe8e,Relief,3,26,Man,Graduate degree (MA/MSc/MPhil/other),European,Fear,3,2,4,4,3,5,1,4,2,4,5,3,4,4,2,2,2,3,4,1,2,3,6,4,4,5,4,3,2,4,3,
1051,0,678,66cf34966fcadcafe9babe8e,Sadness,4,26,Man,Graduate degree (MA/MSc/MPhil/other),European,Fear,4,3,1,1,5,4,3,2,4,1,1,1,1,5,3,2,3,2,2,1,2,3,6,4,4,5,4,3,2,4,3,
1052,0,7160,66cf34966fcadcafe9babe8e,Surprise,4,26,Man,Graduate degree (MA/MSc/MPhil/other),European,Fear,2,5,2,1,5,5,3,3,3,2,3,2,3,3,3,1,1,1,3,2,4,3,6,4,4,5,4,3,2,4,3,
1053,0,2212,66cf34966fcadcafe9babe8e,Joy,4,26,Man,Graduate degree (MA/MSc/MPhil/other),European,Fear,2,1,2,5,1,2,3,4,4,2,3,1,4,4,1,1,1,1,3,1,1,3,6,4,4,5,4,3,2,4,3,
1054,0,6796,66cf34966fcadcafe9babe8e,Fear,2,26,Man,Graduate degree (MA/MSc/MPhil/other),European,Fear,2,3,4,2,2,3,3,3,3,5,2,2,3,3,3,4,1,1,4,2,3,3,6,4,4,5,4,3,2,4,3,
1055,0,6836,670033a504ea3869e37c58a5,Sadness,1,62,Woman,Undegraduate degree (BA/BSc/other),European,Joy,2,4,1,1,5,3,2,1,5,1,4,3,2,5,2,1,4,4,3,1,4,7,2,6,3,5,2,7,3,5,3,just alittle to long.
1056,0,52593,670033a504ea3869e37c58a5,Shame,2,62,Woman,Undegraduate degree (BA/BSc/other),European,Joy,3,4,2,2,5,5,4,5,1,5,5,5,5,2,1,2,4,4,5,1,4,7,2,6,3,5,2,7,3,5,3,just alittle to long.
1057,0,5603,670033a504ea3869e37c58a5,Disgust,2,62,Woman,Undegraduate degree (BA/BSc/other),European,Joy,3,4,3,1,4,4,1,1,5,3,5,5,2,5,1,1,4,5,3,4,5,7,2,6,3,5,2,7,3,5,3,just alittle to long.
1058,0,689,670033a504ea3869e37c58a5,Surprise,3,62,Woman,Undegraduate degree (BA/BSc/other),European,Joy,1,1,1,1,4,4,2,4,3,2,4,5,3,4,5,5,4,1,3,1,2,7,2,6,3,5,2,7,3,5,3,just alittle to long.
1059,0,272,670033a504ea3869e37c58a5,Anger,4,62,Woman,Undegraduate degree (BA/BSc/other),European,Joy,1,4,1,1,1,4,1,5,5,4,3,2,5,4,3,4,5,5,4,1,3,7,2,6,3,5,2,7,3,5,3,just alittle to long.
1060,0,51835,5e5d276a031887000b47f1cc,Relief,4,28,Woman,Undegraduate degree (BA/BSc/other),European,Boredom,4,2,4,1,5,3,1,1,5,2,1,2,1,5,1,4,4,5,2,5,5,1,6,6,1,3,7,1,1,7,6,
1061,0,41759,5e5d276a031887000b47f1cc,Shame,4,28,Woman,Undegraduate degree (BA/BSc/other),European,Boredom,2,5,1,1,5,2,2,3,3,1,1,2,2,5,1,5,5,4,1,4,2,1,6,6,1,3,7,1,1,7,6,
1062,0,6808,5e5d276a031887000b47f1cc,Surprise,4,28,Woman,Undegraduate degree (BA/BSc/other),European,Boredom,1,5,1,2,3,5,4,2,3,1,2,4,2,2,4,3,3,1,3,1,4,1,6,6,1,3,7,1,1,7,6,
1063,0,51592,5e5d276a031887000b47f1cc,Pride,5,28,Woman,Undegraduate degree (BA/BSc/other),European,Boredom,1,3,2,5,1,4,1,5,1,1,1,1,5,1,1,4,1,1,4,1,4,1,6,6,1,3,7,1,1,7,6,
1064,0,4337,5e5d276a031887000b47f1cc,Disgust,1,28,Woman,Undegraduate degree (BA/BSc/other),European,Boredom,4,3,4,1,5,1,1,1,5,5,1,4,4,5,1,4,4,4,4,3,2,1,6,6,1,3,7,1,1,7,6,
1065,0,52374,62c5c654b6766b67b006d783,Sadness,4,39,Man,Secondary Eductation,European,I currently do not feel any emotion,4,3,3,1,5,3,4,3,1,3,2,4,3,4,2,2,4,1,3,3,4,5,4,6,2,6,4,5,2,5,4,
1066,0,51694,62c5c654b6766b67b006d783,Pride,1,39,Man,Secondary Eductation,European,I currently do not feel any emotion,3,5,2,4,1,5,5,5,3,3,5,5,5,4,3,4,3,1,5,1,4,5,4,6,2,6,4,5,2,5,4,
1067,0,3546,62c5c654b6766b67b006d783,Pride,2,39,Man,Secondary Eductation,European,I currently do not feel any emotion,4,3,4,5,1,5,2,5,2,4,5,3,4,2,1,2,1,1,3,1,4,5,4,6,2,6,4,5,2,5,4,
1068,0,7179,62c5c654b6766b67b006d783,Anger,3,39,Man,Secondary Eductation,European,I currently do not feel any emotion,3,4,4,1,5,2,3,5,2,4,1,3,2,4,2,1,2,1,3,4,2,5,4,6,2,6,4,5,2,5,4,
1069,0,51687,62c5c654b6766b67b006d783,Joy,2,39,Man,Secondary Eductation,European,I currently do not feel any emotion,3,1,2,5,1,3,3,1,3,3,4,2,3,4,3,1,1,1,2,1,4,5,4,6,2,6,4,5,2,5,4,
1070,0,89,67cdfcd364c4716d897bba5c,Relief,3,33,Man,Doctorate degree (PhD/other),North American,Relief,4,1,5,3,3,5,1,3,5,5,3,4,1,5,1,5,1,1,5,1,4,2,6,7,5,3,7,7,4,6,4,"Most of the questions were very ambiguous, and it was extremely hard to be properly confident in the answers. I would have liked to see at least some of the questions be a little clearer, as for a lot of the answers, I interpreted them the best I could but still found myself somewhat guessing due to the lack of details about the event that happened to the person. Perhaps the shorter ones could be made longer to give more context so the people doing the study can have more confidence."
1071,0,4636,67cdfcd364c4716d897bba5c,Fear,4,33,Man,Doctorate degree (PhD/other),North American,Relief,1,5,1,1,5,5,1,1,5,5,1,5,1,5,3,3,5,5,5,5,5,2,6,7,5,3,7,7,4,6,4,"Most of the questions were very ambiguous, and it was extremely hard to be properly confident in the answers. I would have liked to see at least some of the questions be a little clearer, as for a lot of the answers, I interpreted them the best I could but still found myself somewhat guessing due to the lack of details about the event that happened to the person. Perhaps the shorter ones could be made longer to give more context so the people doing the study can have more confidence."
1072,0,3467,67cdfcd364c4716d897bba5c,Fear,4,33,Man,Doctorate degree (PhD/other),North American,Relief,1,1,3,3,3,5,1,1,5,5,3,5,5,2,1,4,1,1,4,1,4,2,6,7,5,3,7,7,4,6,4,"Most of the questions were very ambiguous, and it was extremely hard to be properly confident in the answers. I would have liked to see at least some of the questions be a little clearer, as for a lot of the answers, I interpreted them the best I could but still found myself somewhat guessing due to the lack of details about the event that happened to the person. Perhaps the shorter ones could be made longer to give more context so the people doing the study can have more confidence."
1073,0,74,67cdfcd364c4716d897bba5c,Anger,2,33,Man,Doctorate degree (PhD/other),North American,Relief,1,5,1,1,5,5,5,1,5,4,1,4,1,5,5,3,4,1,5,4,4,2,6,7,5,3,7,7,4,6,4,"Most of the questions were very ambiguous, and it was extremely hard to be properly confident in the answers. I would have liked to see at least some of the questions be a little clearer, as for a lot of the answers, I interpreted them the best I could but still found myself somewhat guessing due to the lack of details about the event that happened to the person. Perhaps the shorter ones could be made longer to give more context so the people doing the study can have more confidence."
1074,0,6953,67cdfcd364c4716d897bba5c,Shame,1,33,Man,Doctorate degree (PhD/other),North American,Relief,4,1,1,1,5,4,1,5,5,1,1,4,2,4,1,4,1,1,4,4,4,2,6,7,5,3,7,7,4,6,4,"Most of the questions were very ambiguous, and it was extremely hard to be properly confident in the answers. I would have liked to see at least some of the questions be a little clearer, as for a lot of the answers, I interpreted them the best I could but still found myself somewhat guessing due to the lack of details about the event that happened to the person. Perhaps the shorter ones could be made longer to give more context so the people doing the study can have more confidence."
1075,0,52132,600742a710b84920b9b14181,Relief,4,37,Woman,Graduate degree (MA/MSc/MPhil/other),Other,Boredom,3,5,3,1,5,4,4,1,5,2,4,2,4,5,5,4,4,2,5,4,5,6,2,7,4,7,5,7,4,7,2,
1076,0,4594,600742a710b84920b9b14181,Sadness,5,37,Woman,Graduate degree (MA/MSc/MPhil/other),Other,Boredom,1,5,2,5,5,3,3,4,1,2,5,5,2,5,3,2,2,2,3,4,5,6,2,7,4,7,5,7,4,7,2,
1077,0,52716,600742a710b84920b9b14181,Trust,5,37,Woman,Graduate degree (MA/MSc/MPhil/other),Other,Boredom,3,1,4,5,1,4,4,5,4,3,5,4,5,4,3,3,1,1,5,1,4,6,2,7,4,7,5,7,4,7,2,
1078,0,525,600742a710b84920b9b14181,Disgust,5,37,Woman,Graduate degree (MA/MSc/MPhil/other),Other,Boredom,1,5,1,1,5,3,1,1,5,2,4,4,3,5,5,2,5,5,4,5,4,6,2,7,4,7,5,7,4,7,2,
1079,0,6337,600742a710b84920b9b14181,Surprise,4,37,Woman,Graduate degree (MA/MSc/MPhil/other),Other,Boredom,3,4,2,5,2,4,5,4,1,2,4,4,3,2,2,3,3,2,4,2,3,6,2,7,4,7,5,7,4,7,2,
1080,0,468,659ad0979a272fc8ff0e124a,Sadness,5,38,Woman,Undegraduate degree (BA/BSc/other),European,Trust,5,4,2,1,5,3,2,3,5,1,2,2,1,1,4,4,5,4,4,4,4,2,4,6,3,4,7,6,3,5,3,
1081,0,3586,659ad0979a272fc8ff0e124a,Joy,3,38,Woman,Undegraduate degree (BA/BSc/other),European,Trust,2,4,4,4,2,4,3,5,1,3,3,4,4,2,4,4,3,3,4,1,3,2,4,6,3,4,7,6,3,5,3,
1082,0,3639,659ad0979a272fc8ff0e124a,Joy,3,38,Woman,Undegraduate degree (BA/BSc/other),European,Trust,4,2,4,4,2,2,1,5,1,2,5,5,5,1,1,3,1,1,3,1,4,2,4,6,3,4,7,6,3,5,3,
1083,0,4842,659ad0979a272fc8ff0e124a,Joy,4,38,Woman,Undegraduate degree (BA/BSc/other),European,Trust,3,4,3,5,1,4,4,5,1,1,3,5,5,5,3,2,1,1,3,1,3,2,4,6,3,4,7,6,3,5,3,
1084,0,52520,659ad0979a272fc8ff0e124a,Surprise,2,38,Woman,Undegraduate degree (BA/BSc/other),European,Trust,2,5,1,5,1,2,5,2,2,1,5,5,1,1,5,2,1,1,1,1,4,2,4,6,3,4,7,6,3,5,3,
1085,0,52739,664a0907643dc6093303f5df,Pride,1,25,Woman,Undegraduate degree (BA/BSc/other),African,Boredom,5,3,4,5,1,5,3,5,1,3,5,1,2,2,3,3,4,4,3,2,5,1,1,6,2,5,7,4,1,6,2,liked it
1086,0,7200,664a0907643dc6093303f5df,Boredom,5,25,Woman,Undegraduate degree (BA/BSc/other),African,Boredom,4,4,1,1,5,4,4,1,5,4,4,4,3,4,5,4,4,3,4,3,4,1,1,6,2,5,7,4,1,6,2,liked it
1087,0,86,664a0907643dc6093303f5df,Joy,1,25,Woman,Undegraduate degree (BA/BSc/other),African,Boredom,4,1,3,5,1,5,3,3,3,4,4,4,3,4,3,5,4,4,4,5,3,1,1,6,2,5,7,4,1,6,2,liked it
1088,0,822,664a0907643dc6093303f5df,Sadness,2,25,Woman,Undegraduate degree (BA/BSc/other),African,Boredom,1,3,1,1,5,4,3,4,4,3,3,4,4,3,3,5,3,5,3,4,5,1,1,6,2,5,7,4,1,6,2,liked it
1089,0,51883,664a0907643dc6093303f5df,Joy,5,25,Woman,Undegraduate degree (BA/BSc/other),African,Boredom,4,3,3,3,3,3,4,1,3,4,3,3,3,3,2,4,2,3,3,4,4,1,1,6,2,5,7,4,1,6,2,liked it
1090,0,2144,6062450c1bb2c6f42298bda8,Relief,3,45,Woman,Undegraduate degree (BA/BSc/other),North American,Guilt,4,2,4,3,3,5,1,5,2,4,3,1,1,4,2,3,3,1,4,2,4,6,5,6,4,5,2,6,5,5,2,I enjoyed this study very much. It's always interesting to put yourself in somebody else's shoes and try to determine how they would react. Thank you!
1091,0,90,6062450c1bb2c6f42298bda8,Anger,5,45,Woman,Undegraduate degree (BA/BSc/other),North American,Guilt,3,4,2,1,5,4,1,2,5,2,3,3,2,5,4,3,4,4,4,4,4,6,5,6,4,5,2,6,5,5,2,I enjoyed this study very much. It's always interesting to put yourself in somebody else's shoes and try to determine how they would react. Thank you!
1092,0,5568,6062450c1bb2c6f42298bda8,Anger,4,45,Woman,Undegraduate degree (BA/BSc/other),North American,Guilt,2,4,2,1,5,5,1,2,5,2,1,5,1,5,5,2,4,5,4,4,5,6,5,6,4,5,2,6,5,5,2,I enjoyed this study very much. It's always interesting to put yourself in somebody else's shoes and try to determine how they would react. Thank you!
1093,0,52046,6062450c1bb2c6f42298bda8,Relief,4,45,Woman,Undegraduate degree (BA/BSc/other),North American,Guilt,4,5,2,1,5,4,5,4,3,3,1,5,4,4,4,1,4,1,5,2,5,6,5,6,4,5,2,6,5,5,2,I enjoyed this study very much. It's always interesting to put yourself in somebody else's shoes and try to determine how they would react. Thank you!
1094,0,52648,6062450c1bb2c6f42298bda8,Surprise,5,45,Woman,Undegraduate degree (BA/BSc/other),North American,Guilt,2,4,1,4,1,4,4,3,4,1,1,5,4,4,2,4,1,1,4,1,4,6,5,6,4,5,2,6,5,5,2,I enjoyed this study very much. It's always interesting to put yourself in somebody else's shoes and try to determine how they would react. Thank you!
1095,0,3272,5f3287b83428cb05746e2214,Shame,5,36,Woman,Undegraduate degree (BA/BSc/other),African,I currently do not feel any emotion,1,1,1,1,5,1,1,1,5,1,1,5,1,5,1,1,5,3,5,1,1,6,1,7,1,5,1,5,1,7,6,No comments . Thank you
1096,0,4592,5f3287b83428cb05746e2214,Fear,5,36,Woman,Undegraduate degree (BA/BSc/other),African,I currently do not feel any emotion,2,5,5,1,5,3,1,2,1,4,1,4,4,1,1,5,1,1,3,1,1,6,1,7,1,5,1,5,1,7,6,No comments . Thank you
1097,0,51946,5f3287b83428cb05746e2214,Relief,3,36,Woman,Undegraduate degree (BA/BSc/other),African,I currently do not feel any emotion,1,1,1,5,1,4,1,5,4,5,5,1,5,1,1,5,3,5,4,1,1,6,1,7,1,5,1,5,1,7,6,No comments . Thank you
1098,0,3864,5f3287b83428cb05746e2214,Trust,5,36,Woman,Undegraduate degree (BA/BSc/other),African,I currently do not feel any emotion,1,5,1,4,1,1,1,1,5,1,1,5,3,5,1,1,1,5,4,1,1,6,1,7,1,5,1,5,1,7,6,No comments . Thank you
1099,0,41583,5f3287b83428cb05746e2214,Guilt,3,36,Woman,Undegraduate degree (BA/BSc/other),African,I currently do not feel any emotion,1,1,1,4,2,5,1,5,1,2,1,5,3,5,1,5,1,5,5,1,1,6,1,7,1,5,1,5,1,7,6,No comments . Thank you
1100,0,51915,6783ed0cd91d6d9c2f8b2312,Trust,4,18,Woman,Secondary Eductation,European,Sadness,5,1,5,3,3,1,1,3,4,4,3,1,1,4,2,1,1,1,1,1,1,3,6,7,5,5,5,6,5,5,4,
1101,0,559,6783ed0cd91d6d9c2f8b2312,Sadness,4,18,Woman,Secondary Eductation,European,Sadness,1,4,2,1,5,4,4,5,2,4,1,2,4,3,2,3,2,2,5,3,4,3,6,7,5,5,5,6,5,5,4,
1102,0,764,6783ed0cd91d6d9c2f8b2312,Boredom,3,18,Woman,Secondary Eductation,European,Sadness,5,1,5,3,3,1,1,5,3,4,3,3,4,4,1,4,1,1,5,1,3,3,6,7,5,5,5,6,5,5,4,
1103,0,5684,6783ed0cd91d6d9c2f8b2312,Anger,5,18,Woman,Secondary Eductation,European,Sadness,1,5,1,1,5,4,1,2,5,1,1,4,1,5,2,1,4,5,4,4,5,3,6,7,5,5,5,6,5,5,4,
1104,0,6192,6783ed0cd91d6d9c2f8b2312,Fear,4,18,Woman,Secondary Eductation,European,Sadness,1,3,1,1,5,4,3,4,3,1,2,1,1,1,2,2,4,4,3,5,2,3,6,7,5,5,5,6,5,5,4,
1105,0,6110,671974e125a5e1a39ea333e4,Sadness,4,18,Woman,High School,European,Sadness,2,2,4,1,5,3,2,1,1,4,1,2,2,1,4,3,1,1,2,3,5,5,5,6,7,7,4,5,6,2,4,
1106,0,52598,671974e125a5e1a39ea333e4,Joy,3,18,Woman,High School,European,Sadness,1,2,4,3,3,5,2,3,3,4,4,4,3,4,2,4,1,1,5,2,4,5,5,6,7,7,4,5,6,2,4,
1107,0,4117,671974e125a5e1a39ea333e4,Guilt,4,18,Woman,High School,European,Sadness,2,3,3,1,5,3,1,4,2,4,2,5,3,2,4,2,4,2,5,4,5,5,5,6,7,7,4,5,6,2,4,
1108,0,4649,671974e125a5e1a39ea333e4,Shame,2,18,Woman,High School,European,Sadness,1,4,5,3,3,2,1,5,1,5,3,3,5,2,1,5,4,3,5,3,2,5,5,6,7,7,4,5,6,2,4,
1109,0,781,671974e125a5e1a39ea333e4,Joy,3,18,Woman,High School,European,Sadness,4,4,2,4,2,2,1,3,3,4,4,2,3,5,1,5,1,1,4,1,3,5,5,6,7,7,4,5,6,2,4,
1110,0,454,5f563d4bc1684c0241b17264,Sadness,4,26,Man,Undegraduate degree (BA/BSc/other),African,Trust,4,2,4,3,2,3,4,2,1,1,3,2,2,3,2,4,4,3,2,3,3,2,5,7,5,3,6,5,2,7,3,None
1111,0,3975,5f563d4bc1684c0241b17264,Relief,4,26,Man,Undegraduate degree (BA/BSc/other),African,Trust,2,4,3,5,1,5,4,4,3,5,3,2,4,5,5,2,1,1,3,2,4,2,5,7,5,3,6,5,2,7,3,None
1112,0,31145,5f563d4bc1684c0241b17264,Shame,4,26,Man,Undegraduate degree (BA/BSc/other),African,Trust,2,2,1,2,5,4,4,2,2,2,4,2,1,4,2,3,3,1,5,3,4,2,5,7,5,3,6,5,2,7,3,None
1113,0,52373,5f563d4bc1684c0241b17264,Sadness,5,26,Man,Undegraduate degree (BA/BSc/other),African,Trust,1,3,3,1,5,5,2,5,1,4,3,3,4,4,2,4,2,1,2,4,4,2,5,7,5,3,6,5,2,7,3,None
1114,0,6422,5f563d4bc1684c0241b17264,Shame,4,26,Man,Undegraduate degree (BA/BSc/other),African,Trust,2,5,2,1,5,5,4,5,1,2,4,4,5,2,3,3,4,1,4,5,5,2,5,7,5,3,6,5,2,7,3,None
1115,0,2228,67672f7f2b10eda1732aea29,Fear,4,64,Man,Secondary Eductation,European,Boredom,4,3,2,1,4,4,1,5,1,4,5,5,4,2,2,4,3,2,5,1,5,3,1,6,4,3,5,7,3,3,1,i may of confused my answers in the first part but i do understand the study. many thanks.
1116,0,52718,67672f7f2b10eda1732aea29,Shame,4,64,Man,Secondary Eductation,European,Boredom,5,1,3,1,2,4,5,3,2,4,4,5,4,5,4,5,2,1,5,2,5,3,1,6,4,3,5,7,3,3,1,i may of confused my answers in the first part but i do understand the study. many thanks.
1117,0,52015,67672f7f2b10eda1732aea29,Joy,5,64,Man,Secondary Eductation,European,Boredom,2,5,1,5,1,5,4,4,4,2,4,5,4,3,4,5,1,1,5,1,4,3,1,6,4,3,5,7,3,3,1,i may of confused my answers in the first part but i do understand the study. many thanks.
1118,0,31180,67672f7f2b10eda1732aea29,Anger,2,64,Man,Secondary Eductation,European,Boredom,1,4,1,1,5,2,1,1,5,3,2,5,2,5,5,4,5,4,5,1,4,3,1,6,4,3,5,7,3,3,1,i may of confused my answers in the first part but i do understand the study. many thanks.
1119,0,41581,67672f7f2b10eda1732aea29,Sadness,1,64,Man,Secondary Eductation,European,Boredom,1,1,4,1,5,5,4,5,4,2,1,5,4,2,3,4,1,1,5,2,5,3,1,6,4,3,5,7,3,3,1,i may of confused my answers in the first part but i do understand the study. many thanks.
1120,0,41857,6741e32867002c96f036317b,Relief,2,28,Woman,Graduate degree (MA/MSc/MPhil/other),African,Relief,3,1,4,5,1,5,1,4,3,5,5,2,3,5,1,3,1,1,4,1,2,5,6,6,2,7,4,6,5,7,1,none at the moment
1121,0,3401,6741e32867002c96f036317b,Disgust,2,28,Woman,Graduate degree (MA/MSc/MPhil/other),African,Relief,5,4,5,3,2,4,1,5,1,5,2,5,3,1,1,1,1,1,5,4,5,5,6,6,2,7,4,6,5,7,1,none at the moment
1122,0,6315,6741e32867002c96f036317b,Sadness,4,28,Woman,Graduate degree (MA/MSc/MPhil/other),African,Relief,2,1,3,1,1,5,2,3,2,1,4,4,1,1,2,2,1,1,4,3,1,5,6,6,2,7,4,6,5,7,1,none at the moment
1123,0,429,6741e32867002c96f036317b,Anger,1,28,Woman,Graduate degree (MA/MSc/MPhil/other),African,Relief,2,4,1,1,1,3,4,3,4,5,3,5,3,5,3,3,4,4,5,2,4,5,6,6,2,7,4,6,5,7,1,none at the moment
1124,0,41415,6741e32867002c96f036317b,Disgust,3,28,Woman,Graduate degree (MA/MSc/MPhil/other),African,Relief,2,2,2,5,5,4,5,5,5,1,4,1,1,5,5,5,1,2,4,1,4,5,6,6,2,7,4,6,5,7,1,none at the moment
1125,0,51287,60b8e84804e38fb3c6b5b153,Sadness,1,26,Woman,Graduate degree (MA/MSc/MPhil/other),African,Boredom,2,1,1,1,5,3,5,2,4,3,4,2,4,5,1,1,4,1,4,3,5,2,4,6,2,6,6,6,1,6,4,The study was good and easy to get through. 
1126,0,31179,60b8e84804e38fb3c6b5b153,Shame,1,26,Woman,Graduate degree (MA/MSc/MPhil/other),African,Boredom,4,2,5,3,3,4,2,5,1,4,5,4,4,5,2,4,5,5,5,3,5,2,4,6,2,6,6,6,1,6,4,The study was good and easy to get through. 
1127,0,6290,60b8e84804e38fb3c6b5b153,Sadness,1,26,Woman,Graduate degree (MA/MSc/MPhil/other),African,Boredom,5,1,2,1,5,1,2,2,5,3,5,1,3,1,2,4,4,4,3,4,3,2,4,6,2,6,6,6,1,6,4,The study was good and easy to get through. 
1128,0,2129,60b8e84804e38fb3c6b5b153,Relief,1,26,Woman,Graduate degree (MA/MSc/MPhil/other),African,Boredom,4,1,4,5,1,1,1,1,4,5,5,1,4,1,3,1,2,1,3,2,5,2,4,6,2,6,6,6,1,6,4,The study was good and easy to get through. 
1129,0,52777,60b8e84804e38fb3c6b5b153,Pride,1,26,Woman,Graduate degree (MA/MSc/MPhil/other),African,Boredom,4,2,2,5,1,2,2,4,1,2,4,2,2,3,2,1,1,1,1,1,2,2,4,6,2,6,6,6,1,6,4,The study was good and easy to get through. 
1130,0,21,5ef5f74fb4a08f2676fb3aba,Anger,4,54,Woman,High School,European,Relief,1,4,5,2,3,2,2,1,5,2,3,5,2,4,4,2,3,2,5,2,4,6,1,6,5,5,5,7,1,6,2,A very good interesting study
1131,0,41844,5ef5f74fb4a08f2676fb3aba,Relief,2,54,Woman,High School,European,Relief,4,2,3,2,4,4,3,5,2,4,3,4,4,3,4,4,4,3,4,4,4,6,1,6,5,5,5,7,1,6,2,A very good interesting study
1132,0,52571,5ef5f74fb4a08f2676fb3aba,Joy,4,54,Woman,High School,European,Relief,4,3,3,5,1,2,4,2,5,3,4,3,4,4,2,5,2,4,4,1,2,6,1,6,5,5,5,7,1,6,2,A very good interesting study
1133,0,99,5ef5f74fb4a08f2676fb3aba,Sadness,2,54,Woman,High School,European,Relief,2,1,4,1,2,3,4,5,1,3,2,4,4,1,2,2,3,4,4,1,4,6,1,6,5,5,5,7,1,6,2,A very good interesting study
1134,0,5810,5ef5f74fb4a08f2676fb3aba,Fear,4,54,Woman,High School,European,Relief,1,5,5,1,5,5,5,4,5,1,1,5,1,1,5,3,4,2,5,4,5,6,1,6,5,5,5,7,1,6,2,A very good interesting study
1135,0,3964,66ac0f18135af4af4199bce7,Relief,1,23,Gender Variant / Non-Conforming / Non-binary,High School,North American,I currently do not feel any emotion,1,1,1,5,1,5,1,4,4,1,1,4,5,3,1,1,5,1,5,4,3,1,5,2,6,5,7,7,6,1,2,Standardize the scales between different questions. I easily got confused when inputting my confidence and input incorrect data after answering several questions that had the reverse of positive to negative order.
1136,0,51139,66ac0f18135af4af4199bce7,Joy,5,23,Gender Variant / Non-Conforming / Non-binary,High School,North American,I currently do not feel any emotion,5,1,4,5,1,1,1,5,1,5,5,1,5,1,1,1,1,1,3,1,1,1,5,2,6,5,7,7,6,1,2,Standardize the scales between different questions. I easily got confused when inputting my confidence and input incorrect data after answering several questions that had the reverse of positive to negative order.
1137,0,31304,66ac0f18135af4af4199bce7,Trust,5,23,Gender Variant / Non-Conforming / Non-binary,High School,North American,I currently do not feel any emotion,1,2,2,4,1,5,1,3,3,4,4,4,4,4,1,2,1,1,5,2,5,1,5,2,6,5,7,7,6,1,2,Standardize the scales between different questions. I easily got confused when inputting my confidence and input incorrect data after answering several questions that had the reverse of positive to negative order.
1138,0,3302,66ac0f18135af4af4199bce7,Anger,5,23,Gender Variant / Non-Conforming / Non-binary,High School,North American,I currently do not feel any emotion,3,5,2,1,5,4,4,1,5,1,1,5,4,4,2,1,4,1,5,5,5,1,5,2,6,5,7,7,6,1,2,Standardize the scales between different questions. I easily got confused when inputting my confidence and input incorrect data after answering several questions that had the reverse of positive to negative order.
1139,0,41343,66ac0f18135af4af4199bce7,Pride,1,23,Gender Variant / Non-Conforming / Non-binary,High School,North American,I currently do not feel any emotion,1,4,2,5,1,5,1,4,3,1,3,5,1,5,1,5,1,1,5,1,3,1,5,2,6,5,7,7,6,1,2,Standardize the scales between different questions. I easily got confused when inputting my confidence and input incorrect data after answering several questions that had the reverse of positive to negative order.
1140,0,5609,63fbd3e8b4865c6e1fb04614,Fear,5,23,Man,Graduate degree (MA/MSc/MPhil/other),East Asian,Joy,2,4,3,1,5,2,1,2,5,4,5,5,2,3,3,3,4,4,3,3,4,5,2,5,3,5,5,5,3,5,5,
1141,0,52502,63fbd3e8b4865c6e1fb04614,Relief,5,23,Man,Graduate degree (MA/MSc/MPhil/other),East Asian,Joy,1,2,3,3,1,3,4,3,2,2,3,5,1,5,5,2,2,1,3,3,5,5,2,5,3,5,5,5,3,5,5,
1142,0,553,63fbd3e8b4865c6e1fb04614,Anger,5,23,Man,Graduate degree (MA/MSc/MPhil/other),East Asian,Joy,2,2,2,1,5,3,2,3,4,4,3,4,2,2,2,1,1,1,1,1,2,5,2,5,3,5,5,5,3,5,5,
1143,0,5149,63fbd3e8b4865c6e1fb04614,Anger,5,23,Man,Graduate degree (MA/MSc/MPhil/other),East Asian,Joy,2,2,3,1,5,1,2,2,3,2,2,2,2,1,2,3,2,3,2,2,3,5,2,5,3,5,5,5,3,5,5,
1144,0,51598,63fbd3e8b4865c6e1fb04614,Joy,5,23,Man,Graduate degree (MA/MSc/MPhil/other),East Asian,Joy,1,3,2,5,1,4,3,3,4,4,3,2,3,3,4,4,3,2,3,3,3,5,2,5,3,5,5,5,3,5,5,
1145,0,51624,66fb12ba2bfd1e0379ced77c,Joy,3,31,Man,Graduate degree (MA/MSc/MPhil/other),North American,Relief,3,3,3,3,3,3,3,3,3,3,3,3,3,4,2,3,2,4,2,2,4,4,3,3,2,5,2,5,2,5,2,
1146,0,5546,66fb12ba2bfd1e0379ced77c,Guilt,2,31,Man,Graduate degree (MA/MSc/MPhil/other),North American,Relief,1,3,4,3,4,4,3,3,4,3,3,4,3,4,4,5,4,4,4,3,4,4,3,3,2,5,2,5,2,5,2,
1147,0,52534,66fb12ba2bfd1e0379ced77c,Sadness,4,31,Man,Graduate degree (MA/MSc/MPhil/other),North American,Relief,3,3,3,3,3,4,3,4,4,4,4,4,3,4,3,4,3,3,4,4,4,4,3,3,2,5,2,5,2,5,2,
1148,0,5130,66fb12ba2bfd1e0379ced77c,Disgust,4,31,Man,Graduate degree (MA/MSc/MPhil/other),North American,Relief,2,3,2,3,2,3,2,4,3,3,3,3,3,4,2,4,2,2,4,4,4,4,3,3,2,5,2,5,2,5,2,
1149,0,51241,66fb12ba2bfd1e0379ced77c,Disgust,4,31,Man,Graduate degree (MA/MSc/MPhil/other),North American,Relief,3,2,2,3,3,2,3,2,3,2,3,2,3,3,2,3,3,4,3,2,4,4,3,3,2,5,2,5,2,5,2,
1150,0,3605,5db7b4c243de97000d4b88e8,Surprise,3,31,Man,High School,European,Guilt,4,3,5,5,1,5,1,4,4,5,5,5,4,5,1,3,1,1,5,1,2,1,5,3,6,6,6,3,6,4,4,
1151,0,521,5db7b4c243de97000d4b88e8,Anger,5,31,Man,High School,European,Guilt,5,4,5,1,5,3,1,1,5,4,1,4,3,5,1,3,3,2,4,3,4,1,5,3,6,6,6,3,6,4,4,
1152,0,31207,5db7b4c243de97000d4b88e8,Sadness,3,31,Man,High School,European,Guilt,3,1,4,1,5,4,1,4,4,5,1,1,2,5,1,2,2,2,2,2,1,1,5,3,6,6,6,3,6,4,4,
1153,0,52441,5db7b4c243de97000d4b88e8,Joy,4,31,Man,High School,European,Guilt,3,4,4,5,1,4,1,1,5,4,4,1,1,5,1,1,1,1,1,1,1,1,5,3,6,6,6,3,6,4,4,
1154,0,52579,5db7b4c243de97000d4b88e8,Surprise,4,31,Man,High School,European,Guilt,1,5,2,3,2,5,1,4,4,2,3,1,2,2,2,3,1,1,4,1,4,1,5,3,6,6,6,3,6,4,4,
1155,0,4780,5ea026ebbc5a78011ea73ffb,Relief,5,80,Man,High School,European,Surprise,4,2,4,4,2,4,2,5,3,5,4,4,4,1,1,3,4,1,2,1,3,6,2,7,7,4,5,6,1,6,2,"It is a good survey, thank you"
1156,0,6752,5ea026ebbc5a78011ea73ffb,Relief,4,80,Man,High School,European,Surprise,4,4,4,3,4,3,3,3,4,3,4,4,5,1,1,1,4,1,3,2,3,6,2,7,7,4,5,6,1,6,2,"It is a good survey, thank you"
1157,0,52709,5ea026ebbc5a78011ea73ffb,Trust,5,80,Man,High School,European,Surprise,4,4,2,5,1,4,4,5,5,4,5,3,4,2,3,4,1,3,4,1,3,6,2,7,7,4,5,6,1,6,2,"It is a good survey, thank you"
1158,0,5691,5ea026ebbc5a78011ea73ffb,Anger,5,80,Man,High School,European,Surprise,2,5,2,1,5,5,2,1,5,4,1,3,1,5,4,1,5,5,4,5,5,6,2,7,7,4,5,6,1,6,2,"It is a good survey, thank you"
1159,0,4510,5ea026ebbc5a78011ea73ffb,Sadness,5,80,Man,High School,European,Surprise,1,4,2,1,5,1,3,1,5,5,1,4,3,3,4,1,5,4,5,4,5,6,2,7,7,4,5,6,1,6,2,"It is a good survey, thank you"
1160,0,31021,5de672702cf2045ed734e846,Boredom,4,51,Woman,Graduate degree (MA/MSc/MPhil/other),North American,Anger,4,2,3,5,1,5,3,4,4,3,5,5,5,5,3,4,1,1,4,1,3,2,2,6,4,2,6,4,2,6,2,
1161,0,41299,5de672702cf2045ed734e846,Joy,5,51,Woman,Graduate degree (MA/MSc/MPhil/other),North American,Anger,1,1,5,5,1,5,1,5,1,5,5,3,5,1,1,1,1,1,5,1,4,2,2,6,4,2,6,4,2,6,2,
1162,0,2218,5de672702cf2045ed734e846,Relief,4,51,Woman,Graduate degree (MA/MSc/MPhil/other),North American,Anger,1,3,3,2,4,5,1,4,4,3,3,4,4,1,1,4,1,1,4,1,3,2,2,6,4,2,6,4,2,6,2,
1163,0,52578,5de672702cf2045ed734e846,Pride,4,51,Woman,Graduate degree (MA/MSc/MPhil/other),North American,Anger,1,4,5,5,1,5,1,5,2,5,5,4,3,3,1,5,1,1,4,1,3,2,2,6,4,2,6,4,2,6,2,
1164,0,5210,5de672702cf2045ed734e846,Anger,5,51,Woman,Graduate degree (MA/MSc/MPhil/other),North American,Anger,1,5,2,1,5,2,1,1,5,1,1,4,2,4,1,3,4,5,3,2,4,2,2,6,4,2,6,4,2,6,2,
1165,0,52289,67693470121578a6dff417d2,Sadness,2,25,Man,Undegraduate degree (BA/BSc/other),African,Relief,2,5,4,1,5,1,5,1,4,4,5,4,4,4,4,3,5,4,5,3,4,7,1,6,2,7,7,6,1,7,7,no comment
1166,0,5109,67693470121578a6dff417d2,Fear,5,25,Man,Undegraduate degree (BA/BSc/other),African,Relief,3,3,5,2,5,2,5,4,2,5,1,4,5,2,5,2,5,5,5,5,3,7,1,6,2,7,7,6,1,7,7,no comment
1167,0,6879,67693470121578a6dff417d2,Sadness,5,25,Man,Undegraduate degree (BA/BSc/other),African,Relief,2,5,2,1,5,2,5,3,5,3,1,5,4,4,4,2,4,4,5,5,4,7,1,6,2,7,7,6,1,7,7,no comment
1168,0,41830,67693470121578a6dff417d2,Surprise,5,25,Man,Undegraduate degree (BA/BSc/other),African,Relief,4,5,5,5,2,1,5,4,1,5,5,4,4,5,5,2,5,4,4,5,5,7,1,6,2,7,7,6,1,7,7,no comment
1169,0,5371,67693470121578a6dff417d2,Relief,5,25,Man,Undegraduate degree (BA/BSc/other),African,Relief,5,2,5,5,1,5,5,5,2,5,5,4,5,5,4,5,4,4,4,1,4,7,1,6,2,7,7,6,1,7,7,no comment
1170,0,720,646b747e1b78a13d8542f954,Shame,4,27,Woman,Undegraduate degree (BA/BSc/other),East Asian,Boredom,2,4,2,2,4,4,3,2,4,1,3,3,2,4,4,2,4,4,3,4,4,2,2,5,4,4,3,5,3,5,4,
1171,0,3117,646b747e1b78a13d8542f954,Anger,5,27,Woman,Undegraduate degree (BA/BSc/other),East Asian,Boredom,1,4,1,1,5,4,2,3,3,2,4,5,2,4,5,3,5,5,3,5,5,2,2,5,4,4,3,5,3,5,4,
1172,0,51775,646b747e1b78a13d8542f954,Joy,4,27,Woman,Undegraduate degree (BA/BSc/other),East Asian,Boredom,5,3,5,5,1,4,2,4,3,4,4,3,4,1,2,4,2,3,3,1,2,2,2,5,4,4,3,5,3,5,4,
1173,0,52784,646b747e1b78a13d8542f954,Trust,4,27,Woman,Undegraduate degree (BA/BSc/other),East Asian,Boredom,3,3,4,3,1,3,2,3,3,3,3,3,3,4,3,3,3,3,3,3,2,2,2,5,4,4,3,5,3,5,4,
1174,0,31285,646b747e1b78a13d8542f954,Joy,5,27,Woman,Undegraduate degree (BA/BSc/other),East Asian,Boredom,2,5,2,5,1,3,3,3,5,2,3,3,4,4,4,3,1,1,5,1,2,2,2,5,4,4,3,5,3,5,4,
1175,0,51949,63d3fc9de67e1179cdf0d080,Relief,4,23,Man,Graduate degree (MA/MSc/MPhil/other),East Asian,Guilt,2,3,2,1,5,3,4,2,3,2,4,4,3,2,3,3,4,2,5,3,4,5,2,5,2,6,5,6,2,4,5,
1176,0,41621,63d3fc9de67e1179cdf0d080,Surprise,4,23,Man,Graduate degree (MA/MSc/MPhil/other),East Asian,Guilt,2,3,2,3,2,4,3,3,2,3,4,2,2,4,2,3,1,1,3,1,3,5,2,5,2,6,5,6,2,4,5,
1177,0,5575,63d3fc9de67e1179cdf0d080,Anger,4,23,Man,Graduate degree (MA/MSc/MPhil/other),East Asian,Guilt,2,3,1,1,4,4,2,3,2,2,4,3,1,4,1,2,3,2,3,3,3,5,2,5,2,6,5,6,2,4,5,
1178,0,51738,63d3fc9de67e1179cdf0d080,Pride,4,23,Man,Graduate degree (MA/MSc/MPhil/other),East Asian,Guilt,3,2,2,4,2,3,2,3,2,3,4,2,4,2,1,1,3,2,4,2,3,5,2,5,2,6,5,6,2,4,5,
1179,0,51263,63d3fc9de67e1179cdf0d080,Relief,4,23,Man,Graduate degree (MA/MSc/MPhil/other),East Asian,Guilt,2,2,1,5,1,3,2,2,1,3,4,3,4,3,1,1,1,1,4,1,4,5,2,5,2,6,5,6,2,4,5,
1180,0,51053,62925fbe1ff083484da6228c,Guilt,2,37,Woman,Undegraduate degree (BA/BSc/other),European,Boredom,2,3,3,1,5,4,4,2,3,4,2,4,3,3,3,4,4,4,5,3,5,5,3,5,2,5,2,6,4,6,4,
1181,0,41871,62925fbe1ff083484da6228c,Pride,2,37,Woman,Undegraduate degree (BA/BSc/other),European,Boredom,4,2,4,4,2,4,2,4,3,4,4,3,4,4,2,4,4,1,4,3,3,5,3,5,2,5,2,6,4,6,4,
1182,0,26,62925fbe1ff083484da6228c,Sadness,2,37,Woman,Undegraduate degree (BA/BSc/other),European,Boredom,3,5,3,1,5,4,2,3,5,3,2,4,3,4,3,2,5,4,5,5,5,5,3,5,2,5,2,6,4,6,4,
1183,0,4571,62925fbe1ff083484da6228c,Shame,2,37,Woman,Undegraduate degree (BA/BSc/other),European,Boredom,3,2,2,1,5,5,1,1,5,2,2,5,1,5,3,2,5,5,5,5,5,5,3,5,2,5,2,6,4,6,4,
1184,0,4609,62925fbe1ff083484da6228c,Fear,3,37,Woman,Undegraduate degree (BA/BSc/other),European,Boredom,2,5,1,1,5,4,5,3,5,3,1,5,3,5,5,3,5,5,5,5,5,5,3,5,2,5,2,6,4,6,4,
1185,0,2180,6673e154af89f4f85eaa7c73,Anger,4,41,Woman,High School,European,Trust,2,4,4,1,5,4,1,3,2,4,3,5,4,2,1,4,3,1,5,3,5,5,2,4,3,5,2,4,1,4,1,"It wasn't the most exciting study, and it felt quite long because it was a little dull. But I do appreciate that this is important work and research and am always happy to complete the study!"
1186,0,5955,6673e154af89f4f85eaa7c73,Fear,4,41,Woman,High School,European,Trust,1,5,2,1,5,2,4,3,3,2,1,5,1,3,4,3,4,5,5,5,5,5,2,4,3,5,2,4,1,4,1,"It wasn't the most exciting study, and it felt quite long because it was a little dull. But I do appreciate that this is important work and research and am always happy to complete the study!"
1187,0,52420,6673e154af89f4f85eaa7c73,Joy,4,41,Woman,High School,European,Trust,2,3,2,5,1,5,3,5,4,5,5,3,2,2,1,5,1,2,5,1,4,5,2,4,3,5,2,4,1,4,1,"It wasn't the most exciting study, and it felt quite long because it was a little dull. But I do appreciate that this is important work and research and am always happy to complete the study!"
1188,0,41600,6673e154af89f4f85eaa7c73,Guilt,3,41,Woman,High School,European,Trust,2,3,2,1,4,2,1,4,2,2,1,2,1,4,2,3,4,3,4,4,3,5,2,4,3,5,2,4,1,4,1,"It wasn't the most exciting study, and it felt quite long because it was a little dull. But I do appreciate that this is important work and research and am always happy to complete the study!"
1189,0,51957,6673e154af89f4f85eaa7c73,Relief,4,41,Woman,High School,European,Trust,2,2,3,4,2,4,1,3,5,3,4,2,2,4,2,4,1,2,4,2,5,5,2,4,3,5,2,4,1,4,1,"It wasn't the most exciting study, and it felt quite long because it was a little dull. But I do appreciate that this is important work and research and am always happy to complete the study!"
1190,0,4170,5d08077f5826920017833401,Boredom,5,68,Man,Undegraduate degree (BA/BSc/other),European,Joy,5,2,5,3,4,2,1,4,3,4,3,4,5,3,1,5,2,1,3,2,3,3,1,7,1,7,6,7,1,7,7,Thank you for the opportunity to take this important survet
1191,0,5556,5d08077f5826920017833401,Anger,5,68,Man,Undegraduate degree (BA/BSc/other),European,Joy,2,5,2,1,5,3,2,1,5,1,1,4,3,4,1,2,5,3,4,4,4,3,1,7,1,7,6,7,1,7,7,Thank you for the opportunity to take this important survet
1192,0,52596,5d08077f5826920017833401,Surprise,5,68,Man,Undegraduate degree (BA/BSc/other),European,Joy,2,5,2,5,1,3,3,1,5,2,5,4,3,5,1,4,1,1,4,1,3,3,1,7,1,7,6,7,1,7,7,Thank you for the opportunity to take this important survet
1193,0,52827,5d08077f5826920017833401,Anger,5,68,Man,Undegraduate degree (BA/BSc/other),European,Joy,3,5,3,1,5,3,2,1,5,3,2,4,4,4,1,2,4,3,5,3,5,3,1,7,1,7,6,7,1,7,7,Thank you for the opportunity to take this important survet
1194,0,51591,5d08077f5826920017833401,Pride,5,68,Man,Undegraduate degree (BA/BSc/other),European,Joy,3,3,2,4,2,5,2,1,3,3,4,3,3,4,3,4,1,2,4,1,3,3,1,7,1,7,6,7,1,7,7,Thank you for the opportunity to take this important survet
1195,0,6154,67765cb5eae26d06c3116c3a,Fear,3,64,Man,Graduate degree (MA/MSc/MPhil/other),European,Joy,2,4,2,2,2,4,4,2,4,3,2,3,2,4,4,5,4,3,4,3,2,4,5,4,3,5,4,3,2,4,4,"Good study, would love to knoew how/close far my assumptions were from the reality in a debrief."
1196,0,6716,67765cb5eae26d06c3116c3a,Sadness,4,64,Man,Graduate degree (MA/MSc/MPhil/other),European,Joy,3,1,5,1,4,4,1,4,1,4,3,3,3,2,3,3,2,1,4,3,3,4,5,4,3,5,4,3,2,4,4,"Good study, would love to knoew how/close far my assumptions were from the reality in a debrief."
1197,0,5753,67765cb5eae26d06c3116c3a,Shame,4,64,Man,Graduate degree (MA/MSc/MPhil/other),European,Joy,2,4,3,2,2,5,3,3,3,4,1,4,2,4,3,3,3,2,4,2,4,4,5,4,3,5,4,3,2,4,4,"Good study, would love to knoew how/close far my assumptions were from the reality in a debrief."
1198,0,3926,67765cb5eae26d06c3116c3a,Relief,4,64,Man,Graduate degree (MA/MSc/MPhil/other),European,Joy,4,4,3,2,2,4,3,3,3,4,2,3,2,4,3,4,3,3,4,2,4,4,5,4,3,5,4,3,2,4,4,"Good study, would love to knoew how/close far my assumptions were from the reality in a debrief."
1199,0,3143,67765cb5eae26d06c3116c3a,Boredom,3,64,Man,Graduate degree (MA/MSc/MPhil/other),European,Joy,4,2,4,2,4,3,2,3,2,3,2,2,3,3,2,3,2,2,2,4,2,4,5,4,3,5,4,3,2,4,4,"Good study, would love to knoew how/close far my assumptions were from the reality in a debrief."
1200,0,47,66c37436187261ea908a8aea,Surprise,1,50,Man,Undegraduate degree (BA/BSc/other),South Asian,Boredom,1,4,1,1,5,2,4,1,2,2,1,3,1,1,5,3,4,3,3,4,3,5,2,5,1,6,2,5,2,5,2,
1201,0,51285,66c37436187261ea908a8aea,Relief,4,50,Man,Undegraduate degree (BA/BSc/other),South Asian,Boredom,3,2,3,5,1,4,1,3,3,4,5,3,2,5,3,2,1,1,5,2,3,5,2,5,1,6,2,5,2,5,2,
1202,0,52895,66c37436187261ea908a8aea,Surprise,1,50,Man,Undegraduate degree (BA/BSc/other),South Asian,Boredom,1,3,2,5,1,3,2,2,5,2,4,3,1,4,3,4,1,1,3,1,1,5,2,5,1,6,2,5,2,5,2,
1203,0,6161,66c37436187261ea908a8aea,Joy,1,50,Man,Undegraduate degree (BA/BSc/other),South Asian,Boredom,5,2,5,5,1,3,2,3,3,2,4,2,4,5,2,3,1,1,4,1,1,5,2,5,1,6,2,5,2,5,2,
1204,0,825,66c37436187261ea908a8aea,Pride,1,50,Man,Undegraduate degree (BA/BSc/other),South Asian,Boredom,2,1,4,5,1,4,2,4,1,3,5,3,4,4,1,4,1,1,4,2,5,5,2,5,1,6,2,5,2,5,2,
1205,0,4583,67d1e3268f896d8710ae9f2d,Pride,4,33,Man,Graduate degree (MA/MSc/MPhil/other),African,Joy,4,3,3,5,4,4,5,4,3,4,4,3,5,3,4,5,4,5,3,5,4,4,3,5,4,5,3,5,5,3,5,thank you
1206,0,3538,67d1e3268f896d8710ae9f2d,Shame,4,33,Man,Graduate degree (MA/MSc/MPhil/other),African,Joy,3,4,4,3,4,4,3,4,4,3,4,3,3,4,2,4,3,4,3,4,4,4,3,5,4,5,3,5,5,3,5,thank you
1207,0,2213,67d1e3268f896d8710ae9f2d,Surprise,4,33,Man,Graduate degree (MA/MSc/MPhil/other),African,Joy,2,4,4,3,4,4,3,4,3,4,2,4,3,5,3,4,3,4,3,3,4,4,3,5,4,5,3,5,5,3,5,thank you
1208,0,614,67d1e3268f896d8710ae9f2d,Boredom,4,33,Man,Graduate degree (MA/MSc/MPhil/other),African,Joy,3,4,4,3,4,4,3,4,2,4,2,4,3,4,2,4,4,3,4,3,5,4,3,5,4,5,3,5,5,3,5,thank you
1209,0,6224,67d1e3268f896d8710ae9f2d,Sadness,4,33,Man,Graduate degree (MA/MSc/MPhil/other),African,Joy,2,4,4,3,4,4,5,3,5,3,4,3,4,3,5,3,4,3,5,4,4,4,3,5,4,5,3,5,5,3,5,thank you
1210,0,52428,67d5d7108af1e6559c0c05c6,Surprise,2,30,Woman,Undegraduate degree (BA/BSc/other),North American,Relief,4,4,4,4,3,4,3,4,4,4,3,4,3,4,4,4,3,4,5,4,4,5,4,5,4,5,5,5,2,5,3,All you can do is work hard and wish for the best
1211,0,52378,67d5d7108af1e6559c0c05c6,Disgust,5,30,Woman,Undegraduate degree (BA/BSc/other),North American,Relief,4,4,4,3,5,5,4,4,2,3,2,5,4,4,4,4,4,5,5,4,5,5,4,5,4,5,5,5,2,5,3,All you can do is work hard and wish for the best
1212,0,6304,67d5d7108af1e6559c0c05c6,Sadness,4,30,Woman,Undegraduate degree (BA/BSc/other),North American,Relief,3,5,2,1,1,4,4,1,5,1,1,5,1,5,3,2,5,4,5,5,4,5,4,5,4,5,5,5,2,5,3,All you can do is work hard and wish for the best
1213,0,51289,67d5d7108af1e6559c0c05c6,Relief,5,30,Woman,Undegraduate degree (BA/BSc/other),North American,Relief,5,3,5,5,1,5,5,5,3,5,5,5,5,3,3,5,1,1,5,1,5,5,4,5,4,5,5,5,2,5,3,All you can do is work hard and wish for the best
1214,0,41311,67d5d7108af1e6559c0c05c6,Sadness,3,30,Woman,Undegraduate degree (BA/BSc/other),North American,Relief,5,5,2,1,5,2,5,2,3,2,4,4,4,3,5,3,2,4,5,2,5,5,4,5,4,5,5,5,2,5,3,All you can do is work hard and wish for the best
1215,0,6729,5e9fd8c26fae5918240e617e,Relief,4,83,Man,Graduate degree (MA/MSc/MPhil/other),European,I currently do not feel any emotion,1,1,1,1,5,2,5,1,1,1,1,1,3,4,5,5,1,1,5,3,4,2,1,7,1,3,4,7,1,7,7,None
1216,0,3320,5e9fd8c26fae5918240e617e,Guilt,4,83,Man,Graduate degree (MA/MSc/MPhil/other),European,I currently do not feel any emotion,3,4,3,1,5,3,1,5,1,3,2,5,3,2,1,2,3,4,5,3,3,2,1,7,1,3,4,7,1,7,7,None
1217,0,52857,5e9fd8c26fae5918240e617e,Boredom,5,83,Man,Graduate degree (MA/MSc/MPhil/other),European,I currently do not feel any emotion,3,3,3,2,2,1,1,1,5,5,1,2,5,1,1,3,1,3,5,1,1,2,1,7,1,3,4,7,1,7,7,None
1218,0,3211,5e9fd8c26fae5918240e617e,Boredom,5,83,Man,Graduate degree (MA/MSc/MPhil/other),European,I currently do not feel any emotion,5,2,5,2,4,1,5,1,1,4,4,2,1,1,5,5,1,1,5,1,1,2,1,7,1,3,4,7,1,7,7,None
1219,0,31181,5e9fd8c26fae5918240e617e,Surprise,5,83,Man,Graduate degree (MA/MSc/MPhil/other),European,I currently do not feel any emotion,5,1,5,5,1,5,1,5,5,5,5,1,5,2,1,5,1,1,5,1,5,2,1,7,1,3,4,7,1,7,7,None
1220,0,5577,60fe9a0daa398bbc0d610dc0,Sadness,3,21,Woman,Undegraduate degree (BA/BSc/other),European,Boredom,4,2,4,1,5,3,2,1,3,4,1,2,1,3,2,4,5,5,4,3,3,4,6,4,5,3,4,5,5,5,3,
1221,0,5524,60fe9a0daa398bbc0d610dc0,Anger,2,21,Woman,Undegraduate degree (BA/BSc/other),European,Boredom,2,5,2,1,5,5,2,1,5,4,2,5,1,5,1,3,5,5,4,4,5,4,6,4,5,3,4,5,5,5,3,
1222,0,6864,60fe9a0daa398bbc0d610dc0,Anger,2,21,Woman,Undegraduate degree (BA/BSc/other),European,Boredom,3,4,4,1,5,4,1,2,4,4,1,3,2,4,1,3,4,4,4,4,4,4,6,4,5,3,4,5,5,5,3,
1223,0,51153,60fe9a0daa398bbc0d610dc0,Joy,2,21,Woman,Undegraduate degree (BA/BSc/other),European,Boredom,2,1,5,5,1,5,1,4,4,4,5,2,4,4,1,5,1,1,4,1,2,4,6,4,5,3,4,5,5,5,3,
1224,0,6907,60fe9a0daa398bbc0d610dc0,Fear,4,21,Woman,Undegraduate degree (BA/BSc/other),European,Boredom,4,4,3,1,5,3,1,4,4,4,2,3,4,4,2,3,3,3,4,3,5,4,6,4,5,3,4,5,5,5,3,
1225,0,6423,6165d25922529904e5d7267d,Joy,1,21,Woman,Secondary Eductation,African,Joy,5,3,1,5,1,5,1,5,5,5,5,3,5,1,1,4,1,3,5,1,5,1,7,4,5,7,6,6,1,3,5, na
1226,0,41287,6165d25922529904e5d7267d,Sadness,3,21,Woman,Secondary Eductation,African,Joy,5,1,5,1,5,2,1,5,1,5,1,1,5,1,1,5,1,1,1,1,1,1,7,4,5,7,6,6,1,3,5, na
1227,0,41251,6165d25922529904e5d7267d,Pride,1,21,Woman,Secondary Eductation,African,Joy,1,1,3,5,1,5,2,5,5,4,5,5,5,3,1,5,1,1,5,1,3,1,7,4,5,7,6,6,1,3,5, na
1228,0,52584,6165d25922529904e5d7267d,Surprise,1,21,Woman,Secondary Eductation,African,Joy,5,5,1,2,4,5,5,1,5,1,3,5,5,5,5,5,1,1,5,1,4,1,7,4,5,7,6,6,1,3,5, na
1229,0,6320,6165d25922529904e5d7267d,Anger,2,21,Woman,Secondary Eductation,African,Joy,1,5,5,1,5,1,4,4,4,1,5,1,1,1,5,5,1,1,5,5,4,1,7,4,5,7,6,6,1,3,5, na
1230,0,6170,5e90b34a9e934e3ccc7330ba,Boredom,4,40,Man,Undegraduate degree (BA/BSc/other),European,Joy,5,1,4,4,1,2,1,5,1,3,3,1,2,1,1,4,2,1,2,3,2,1,5,6,5,5,7,5,2,6,2,
1231,0,7147,5e90b34a9e934e3ccc7330ba,Anger,4,40,Man,Undegraduate degree (BA/BSc/other),European,Joy,1,4,1,1,5,4,2,1,5,4,1,3,2,5,1,3,5,4,5,4,4,1,5,6,5,5,7,5,2,6,2,
1232,0,51178,5e90b34a9e934e3ccc7330ba,Pride,4,40,Man,Undegraduate degree (BA/BSc/other),European,Joy,2,1,4,5,1,5,1,5,1,5,5,3,5,3,1,3,1,1,5,1,3,1,5,6,5,5,7,5,2,6,2,
1233,0,4814,5e90b34a9e934e3ccc7330ba,Relief,4,40,Man,Undegraduate degree (BA/BSc/other),European,Joy,1,2,3,5,1,3,1,5,1,4,5,2,5,1,3,4,2,1,4,1,4,1,5,6,5,5,7,5,2,6,2,
1234,0,6407,5e90b34a9e934e3ccc7330ba,Surprise,5,40,Man,Undegraduate degree (BA/BSc/other),European,Joy,1,5,1,5,1,3,4,1,5,1,5,4,1,5,5,1,1,1,5,1,2,1,5,6,5,5,7,5,2,6,2,
1235,0,6968,668dc78c1b388adf48d7f329,Fear,4,48,Woman,Graduate degree (MA/MSc/MPhil/other),North American,Fear,2,4,2,1,5,4,3,3,3,2,4,4,2,3,3,5,4,5,4,3,4,2,1,6,3,5,6,7,3,5,1,
1236,0,52627,668dc78c1b388adf48d7f329,Sadness,4,48,Woman,Graduate degree (MA/MSc/MPhil/other),North American,Fear,4,4,3,1,5,5,1,4,3,5,1,5,4,4,3,4,3,3,5,4,4,2,1,6,3,5,6,7,3,5,1,
1237,0,52312,668dc78c1b388adf48d7f329,Guilt,4,48,Woman,Graduate degree (MA/MSc/MPhil/other),North American,Fear,5,4,4,1,5,4,1,3,4,3,3,4,4,4,1,4,3,4,4,3,5,2,1,6,3,5,6,7,3,5,1,
1238,0,3836,668dc78c1b388adf48d7f329,Pride,5,48,Woman,Graduate degree (MA/MSc/MPhil/other),North American,Fear,4,1,4,5,1,4,1,5,1,4,5,2,5,4,2,5,1,4,5,1,4,2,1,6,3,5,6,7,3,5,1,
1239,0,31347,668dc78c1b388adf48d7f329,Joy,5,48,Woman,Graduate degree (MA/MSc/MPhil/other),North American,Fear,5,3,3,5,1,5,1,3,3,5,5,5,3,3,4,4,1,1,4,4,3,2,1,6,3,5,6,7,3,5,1,
